CREATE DATABASE  IF NOT EXISTS `db_frutas` /*!40100 DEFAULT CHARACTER SET latin1 */;
USE `db_frutas`;

/*!40101 SET @OLD_CHARACTER_SET_CLIENT=@@CHARACTER_SET_CLIENT */;
/*!40101 SET @OLD_CHARACTER_SET_RESULTS=@@CHARACTER_SET_RESULTS */;
/*!40101 SET @OLD_COLLATION_CONNECTION=@@COLLATION_CONNECTION */;
/*!50503 SET NAMES utf8 */;
/*!40103 SET @OLD_TIME_ZONE=@@TIME_ZONE */;
/*!40103 SET TIME_ZONE='+00:00' */;
/*!40014 SET @OLD_UNIQUE_CHECKS=@@UNIQUE_CHECKS, UNIQUE_CHECKS=0 */;
/*!40014 SET @OLD_FOREIGN_KEY_CHECKS=@@FOREIGN_KEY_CHECKS, FOREIGN_KEY_CHECKS=0 */;
/*!40101 SET @OLD_SQL_MODE=@@SQL_MODE, SQL_MODE='NO_AUTO_VALUE_ON_ZERO' */;
/*!40111 SET @OLD_SQL_NOTES=@@SQL_NOTES, SQL_NOTES=0 */;

--
-- Table structure for table `cfg_tabla_auxiliar`
--

DROP TABLE IF EXISTS `cfg_tabla_auxiliar`;
/*!40101 SET @saved_cs_client     = @@character_set_client */;
/*!50503 SET character_set_client = utf8mb4 */;
CREATE TABLE `cfg_tabla_auxiliar` (
  `cod_tabla_auxiliar` varchar(6) NOT NULL,
  `fecha_crea` datetime DEFAULT NULL,
  `id_usuario_crea` int(11) DEFAULT NULL,
  `nombre` varchar(255) DEFAULT NULL,
  `observacion` varchar(255) DEFAULT NULL,
  PRIMARY KEY (`cod_tabla_auxiliar`)
) ENGINE=MyISAM DEFAULT CHARSET=latin1;
/*!40101 SET character_set_client = @saved_cs_client */;

--
-- Dumping data for table `cfg_tabla_auxiliar`
--

LOCK TABLES `cfg_tabla_auxiliar` WRITE;
/*!40000 ALTER TABLE `cfg_tabla_auxiliar` DISABLE KEYS */;
INSERT INTO `cfg_tabla_auxiliar` VALUES ('ESTGRL','2020-07-16 12:14:20',1,'ESTADO GENERAL',''),('ESTPRV','2020-07-16 12:14:20',1,'ESTADO PROVEEDOR',''),('ESTOCO','2020-07-16 12:14:20',1,'ESTADO ORDEN COMPRA',''),('ESTFRU','2020-07-16 12:14:21',1,'ESTADO FRUTA',''),('ESTOVE','2020-07-16 12:14:21',1,'ESTADO ORDEN VENTA',''),('TIPALM','2020-07-16 12:14:21',1,'TIPO ALMACEN',''),('TIPEPQ','2020-07-16 12:14:21',1,'TIPO EMPAQUE',''),('TIPPRV','2020-07-16 12:14:21',1,'TIPO PROVEEDOR',''),('TIPVIA','2020-07-16 12:14:21',1,'TIPO VIA',''),('TIPOFE','2020-07-16 12:14:21',1,'TIPO OFERTA',''),('TIPOCO','2020-07-16 12:14:21',1,'TIPO ORDEN COMPRA',''),('TIPOVE','2020-07-16 12:14:22',1,'TIPO ORDEN VENTA',''),('TIPADI','2020-07-16 12:14:22',1,'TIPO ADICIONAL',''),('TIPCLI','2020-07-16 12:14:22',1,'TIPO CLIENTE',''),('CATFRU','2020-07-16 12:14:22',1,'CATEGORIA FRUTA',''),('TAMFRU','2020-07-16 12:14:22',1,'TAMANO FRUTA',''),('UNICOM','2020-07-16 12:14:22',1,'UNIDAD COMPRA',''),('TIPMON','2020-07-16 12:14:22',1,'TIPO MONEDA',''),('FORPAG','2020-07-16 12:14:22',1,'FORMA PAGO',''),('FORPGV','2020-07-16 12:14:22',1,'FORMA PAGO VENTA',''),('MOTNEM','2020-07-16 12:14:23',1,'MOTIVO NO INGRESO EMPAQUE',''),('TIPMOV','2020-10-08 00:00:00',1,'TIPO DE MOVIMIENTO PRODUCTO','');
/*!40000 ALTER TABLE `cfg_tabla_auxiliar` ENABLE KEYS */;
UNLOCK TABLES;

--
-- Table structure for table `cfg_tabla_auxiliar_detalle`
--

DROP TABLE IF EXISTS `cfg_tabla_auxiliar_detalle`;
/*!40101 SET @saved_cs_client     = @@character_set_client */;
/*!50503 SET character_set_client = utf8mb4 */;
CREATE TABLE `cfg_tabla_auxiliar_detalle` (
  `id` bigint(20) NOT NULL,
  `abreviatura` varchar(255) DEFAULT NULL,
  `fecha_crea` datetime DEFAULT NULL,
  `id_usuario_crea` int(11) DEFAULT NULL,
  `nombre` varchar(255) DEFAULT NULL,
  `observacion` varchar(255) DEFAULT NULL,
  `valor` varchar(255) DEFAULT NULL,
  `cod_tabla_auxiliar` varchar(6) NOT NULL,
  PRIMARY KEY (`id`,`cod_tabla_auxiliar`),
  KEY `FKpneom5qyv7g66h3choj5d23l6` (`cod_tabla_auxiliar`)
) ENGINE=MyISAM DEFAULT CHARSET=latin1;
/*!40101 SET character_set_client = @saved_cs_client */;

--
-- Dumping data for table `cfg_tabla_auxiliar_detalle`
--

LOCK TABLES `cfg_tabla_auxiliar_detalle` WRITE;
/*!40000 ALTER TABLE `cfg_tabla_auxiliar_detalle` DISABLE KEYS */;
INSERT INTO `cfg_tabla_auxiliar_detalle` VALUES (0,'','2020-07-16 12:14:27',1,'INACTIVO','','','ESTGRL'),(1,'','2020-07-16 12:14:28',1,'ACTIVO','','','ESTGRL'),(1,'','2020-07-16 12:14:28',1,'ACTIVO','','','ESTPRV'),(2,'','2020-07-16 12:14:28',1,'EN PAUSA','','','ESTPRV'),(3,'','2020-07-16 12:14:28',1,'CANCELADO','','','ESTPRV'),(1,'','2020-07-16 12:14:28',1,'GENERADO','','','ESTOCO'),(2,'','2020-07-16 12:14:28',1,'COMPRADO','','','ESTOCO'),(3,'','2020-07-16 12:14:28',1,'CERRADO','','','ESTOCO'),(1,'','2020-07-16 12:14:28',1,'GENERADO','','','ESTOVE'),(2,'','2020-07-16 12:14:28',1,'CERRADO','','','ESTOVE'),(3,'','2020-07-16 12:14:29',1,'CONSIGNADO','','','ESTOVE'),(1,'','2020-07-16 12:14:29',1,'MADURO','','','ESTFRU'),(2,'','2020-07-16 12:14:29',1,'VERDE','','','ESTFRU'),(3,'','2020-07-16 12:14:29',1,'SOLEADO','','','ESTFRU'),(1,'','2020-07-16 12:14:29',1,'TEMPORAL','','','TIPALM'),(2,'','2020-07-16 12:14:29',1,'FINAL','','','TIPALM'),(1,'','2020-07-16 12:14:29',1,'JAVA','','','TIPEPQ'),(2,'','2020-07-16 12:14:29',1,'CAJA','','','TIPEPQ'),(1,'','2020-07-16 12:14:30',1,'INTERNO','','','TIPCLI'),(2,'','2020-07-16 12:14:30',1,'MAYORISTA','','','TIPCLI'),(3,'','2020-07-16 12:14:30',1,'MINORISTA','','','TIPCLI'),(1,'','2020-07-16 12:14:30',1,'FORMAL','','','TIPPRV'),(2,'','2020-07-16 12:14:30',1,'INFORMAL','','','TIPPRV'),(3,'','2020-07-16 12:14:30',1,'ZONAL/GRUPAL','','','TIPPRV'),(1,'','2020-07-16 12:14:30',1,'AVENIDA','','','TIPVIA'),(2,'','2020-07-16 12:14:30',1,'CALLE','','','TIPVIA'),(3,'','2020-07-16 12:14:31',1,'JIRON','','','TIPVIA'),(1,'','2020-07-16 12:14:31',1,'FRUTAS','','','TIPOFE'),(2,'','2020-07-16 12:14:31',1,'VERDURAS','','','TIPOFE'),(3,'','2020-07-16 12:14:31',1,'FLORES','','','TIPOFE'),(1,'','2020-07-16 12:14:31',1,'LIQUIDACION DE COMPRA','','','TIPOCO'),(2,'','2020-07-16 12:14:31',1,'BOLETA','','','TIPOCO'),(3,'','2020-07-16 12:14:31',1,'FACTURA','','','TIPOCO'),(1,'','2020-07-16 12:14:31',1,'NOTA VENTA','','','TIPOVE'),(2,'','2020-07-16 12:14:32',1,'BOLETA','','','TIPOVE'),(3,'','2020-07-16 12:14:32',1,'FACTURA','','','TIPOVE'),(1,'','2020-07-16 12:14:32',1,'YAPA','','','TIPADI'),(2,'','2020-07-16 12:14:32',1,'REINTEGRO','','','TIPADI'),(3,'','2020-07-16 12:14:32',1,'OTROS','','','TIPADI'),(0,'','2020-07-16 12:14:32',1,'GENERICA','','','CATFRU'),(1,'','2020-07-16 12:14:32',1,'1ERA','','','CATFRU'),(2,'','2020-07-16 12:14:32',1,'2NDA','','','CATFRU'),(3,'','2020-07-16 12:14:33',1,'3ERA','','','CATFRU'),(4,'','2020-07-16 12:14:33',1,'4TA','','','CATFRU'),(5,'','2020-07-16 12:14:33',1,'DESCARTE','','','CATFRU'),(1,'','2020-07-16 12:14:33',1,'EXTRA GRANDE','','','TAMFRU'),(2,'','2020-07-16 12:14:33',1,'GRANDE','','','TAMFRU'),(3,'','2020-07-16 12:14:33',1,'MEDIANO','','','TAMFRU'),(4,'','2020-07-16 12:14:33',1,'PEQUENO','','','TAMFRU'),(1,'','2020-07-16 12:14:33',1,'KG','','','UNICOM'),(2,'','2020-07-16 12:14:34',1,'UNIDADES','','','UNICOM'),(1,'','2020-07-16 12:14:34',1,'SOLES','','S/','TIPMON'),(2,'','2020-07-16 12:14:34',1,'DOLARES','','$','TIPMON'),(3,'','2020-07-16 12:14:34',1,'EUROS','','€','TIPMON'),(1,'','2020-07-16 12:14:34',1,'CONTADO','','','FORPAG'),(2,'','2020-07-16 12:14:34',1,'CREDITO','','','FORPAG'),(1,'','2020-07-16 12:14:34',1,'CONTADO','','','FORPGV'),(2,'','2020-07-16 12:14:34',1,'CONSIGNADO','','','FORPGV'),(1,'','2020-07-16 12:14:34',1,'PERDIDA','','','MOTNEM'),(2,'','2020-07-16 12:14:35',1,'UNION','','','MOTNEM'),(3,'','2020-07-16 12:14:35',1,'MALOGRO','','','MOTNEM'),(3,'','2020-08-06 19:56:03',1,'MANOS','','','UNICOM'),(1,'','2020-10-05 00:00:00',1,'COMPRA','','','TIPMOV'),(2,'','2020-10-05 00:00:00',1,'VENTA','','','TIPMOV'),(3,'','2020-10-05 00:00:00',1,'CAMBIO AGREGAR','','','TIPMOV'),(4,'','2020-10-05 00:00:00',1,'CAMBIO DISMINUIR','','','TIPMOV');
/*!40000 ALTER TABLE `cfg_tabla_auxiliar_detalle` ENABLE KEYS */;
UNLOCK TABLES;

--
-- Table structure for table `mae_almacen`
--

DROP TABLE IF EXISTS `mae_almacen`;
/*!40101 SET @saved_cs_client     = @@character_set_client */;
/*!50503 SET character_set_client = utf8mb4 */;
CREATE TABLE `mae_almacen` (
  `id` bigint(20) NOT NULL AUTO_INCREMENT,
  `descripcion` varchar(255) DEFAULT NULL,
  `fecha_crea` datetime DEFAULT NULL,
  `fecha_modifica` datetime DEFAULT NULL,
  `id_usuario_crea` int(11) DEFAULT NULL,
  `id_usuario_modifica` int(11) DEFAULT NULL,
  `estado_id` bigint(20) DEFAULT NULL,
  `estado_cod_tabla_auxiliar` varchar(6) DEFAULT NULL,
  `tipo_almacen_id` bigint(20) DEFAULT NULL,
  `tipo_almacen_cod_tabla_auxiliar` varchar(6) DEFAULT NULL,
  PRIMARY KEY (`id`),
  KEY `FKmfpem65vceh2qk2xgwq7q621i` (`estado_id`,`estado_cod_tabla_auxiliar`),
  KEY `FK8xlhgy044v5j0ieho1ve9nvdp` (`tipo_almacen_id`,`tipo_almacen_cod_tabla_auxiliar`)
) ENGINE=MyISAM AUTO_INCREMENT=4 DEFAULT CHARSET=latin1;
/*!40101 SET character_set_client = @saved_cs_client */;

--
-- Dumping data for table `mae_almacen`
--

LOCK TABLES `mae_almacen` WRITE;
/*!40000 ALTER TABLE `mae_almacen` DISABLE KEYS */;
INSERT INTO `mae_almacen` VALUES (1,'NORTE','2020-07-16 12:20:32',NULL,1,NULL,1,'ESTGRL',1,'TIPALM'),(2,'SUR','2020-07-16 12:20:32',NULL,1,NULL,1,'ESTGRL',1,'TIPALM'),(3,'LIMA-RIMAC','2020-07-16 12:20:32',NULL,1,NULL,1,'ESTGRL',2,'TIPALM');
/*!40000 ALTER TABLE `mae_almacen` ENABLE KEYS */;
UNLOCK TABLES;

--
-- Table structure for table `mae_cliente`
--

DROP TABLE IF EXISTS `mae_cliente`;
/*!40101 SET @saved_cs_client     = @@character_set_client */;
/*!50503 SET character_set_client = utf8mb4 */;
CREATE TABLE `mae_cliente` (
  `id` bigint(20) NOT NULL AUTO_INCREMENT,
  `fecha_crea` datetime DEFAULT NULL,
  `fecha_modifica` datetime DEFAULT NULL,
  `id_usuario_crea` int(11) DEFAULT NULL,
  `id_usuario_modifica` int(11) DEFAULT NULL,
  `nombre_cliente` varchar(255) DEFAULT NULL,
  `estado_id` bigint(20) DEFAULT NULL,
  `estado_cod_tabla_auxiliar` varchar(6) DEFAULT NULL,
  PRIMARY KEY (`id`),
  KEY `FK477oais6s931qdo9amntmfve5` (`estado_id`,`estado_cod_tabla_auxiliar`)
) ENGINE=MyISAM AUTO_INCREMENT=4 DEFAULT CHARSET=latin1;
/*!40101 SET character_set_client = @saved_cs_client */;

--
-- Dumping data for table `mae_cliente`
--

LOCK TABLES `mae_cliente` WRITE;
/*!40000 ALTER TABLE `mae_cliente` DISABLE KEYS */;
INSERT INTO `mae_cliente` VALUES (1,'2020-07-16 12:20:18',NULL,1,NULL,'AURELIO FUENTES',1,'ESTGRL'),(2,'2020-07-16 12:20:18',NULL,1,NULL,'MARITA PEREZ',1,'ESTGRL'),(3,'2020-07-16 12:20:18',NULL,1,NULL,'CARLOS AREVALO',1,'ESTGRL');
/*!40000 ALTER TABLE `mae_cliente` ENABLE KEYS */;
UNLOCK TABLES;

--
-- Table structure for table `mae_departamento`
--

DROP TABLE IF EXISTS `mae_departamento`;
/*!40101 SET @saved_cs_client     = @@character_set_client */;
/*!50503 SET character_set_client = utf8mb4 */;
CREATE TABLE `mae_departamento` (
  `id` bigint(20) NOT NULL AUTO_INCREMENT,
  `abreviatura` varchar(255) DEFAULT NULL,
  `fecha_crea` datetime DEFAULT NULL,
  `id_usuario_crea` int(11) DEFAULT NULL,
  `nombre` varchar(255) DEFAULT NULL,
  `pais_id` bigint(20) DEFAULT NULL,
  PRIMARY KEY (`id`),
  KEY `FKqhh1bwffrsflo59wxenboshkf` (`pais_id`)
) ENGINE=MyISAM AUTO_INCREMENT=26 DEFAULT CHARSET=latin1;
/*!40101 SET character_set_client = @saved_cs_client */;

--
-- Dumping data for table `mae_departamento`
--

LOCK TABLES `mae_departamento` WRITE;
/*!40000 ALTER TABLE `mae_departamento` DISABLE KEYS */;
INSERT INTO `mae_departamento` VALUES (1,'','2020-07-16 12:14:41',1,'AMAZONAS',1),(2,'','2020-07-16 12:14:41',1,'ANCASH',1),(3,'','2020-07-16 12:14:41',1,'APURIMAC',1),(4,'','2020-07-16 12:14:41',1,'AREQUIPA',1),(5,'','2020-07-16 12:14:41',1,'AYACUCHO',1),(6,'','2020-07-16 12:14:41',1,'CAJAMARCA',1),(7,'','2020-07-16 12:14:41',1,'CALLAO',1),(8,'','2020-07-16 12:14:42',1,'CUSCO',1),(9,'','2020-07-16 12:14:42',1,'HUANCAVELICA',1),(10,'','2020-07-16 12:14:42',1,'HUANUCO',1),(11,'','2020-07-16 12:14:42',1,'ICA',1),(12,'','2020-07-16 12:14:42',1,'JUNIN',1),(13,'','2020-07-16 12:14:42',1,'LA LIBERTAD',1),(14,'','2020-07-16 12:14:42',1,'LAMBAYEQUE',1),(15,'','2020-07-16 12:14:42',1,'LIMA',1),(16,'','2020-07-16 12:14:43',1,'LORETO',1),(17,'','2020-07-16 12:14:43',1,'MADRE DE DIOS',1),(18,'','2020-07-16 12:14:43',1,'MOQUEGUA',1),(19,'','2020-07-16 12:14:43',1,'PASCO',1),(20,'','2020-07-16 12:14:43',1,'PIURA',1),(21,'','2020-07-16 12:14:43',1,'PUNO',1),(22,'','2020-07-16 12:14:43',1,'SAN MARTIN',1),(23,'','2020-07-16 12:14:43',1,'TACNA',1),(24,'','2020-07-16 12:14:44',1,'TUMBES',1),(25,'','2020-07-16 12:14:44',1,'UCAYALI',1);
/*!40000 ALTER TABLE `mae_departamento` ENABLE KEYS */;
UNLOCK TABLES;

--
-- Table structure for table `mae_distrito`
--

DROP TABLE IF EXISTS `mae_distrito`;
/*!40101 SET @saved_cs_client     = @@character_set_client */;
/*!50503 SET character_set_client = utf8mb4 */;
CREATE TABLE `mae_distrito` (
  `id` bigint(20) NOT NULL AUTO_INCREMENT,
  `abreviatura` varchar(255) DEFAULT NULL,
  `fecha_crea` datetime DEFAULT NULL,
  `id_usuario_crea` int(11) DEFAULT NULL,
  `nombre` varchar(255) DEFAULT NULL,
  `provincia_id` bigint(20) DEFAULT NULL,
  PRIMARY KEY (`id`),
  KEY `FKkqvr2ut94u4l80plkmxhvh6us` (`provincia_id`)
) ENGINE=MyISAM AUTO_INCREMENT=1875 DEFAULT CHARSET=latin1;
/*!40101 SET character_set_client = @saved_cs_client */;

--
-- Dumping data for table `mae_distrito`
--

LOCK TABLES `mae_distrito` WRITE;
/*!40000 ALTER TABLE `mae_distrito` DISABLE KEYS */;
INSERT INTO `mae_distrito` VALUES (1,'','2020-07-16 12:16:31',1,'CHACHAPOYAS',1),(2,'','2020-07-16 12:16:31',1,'ASUNCION',1),(3,'','2020-07-16 12:16:31',1,'BALSAS',1),(4,'','2020-07-16 12:16:31',1,'CHETO',1),(5,'','2020-07-16 12:16:32',1,'CHILIQUIN',1),(6,'','2020-07-16 12:16:32',1,'CHUQUIBAMBA',1),(7,'','2020-07-16 12:16:32',1,'GRANADA',1),(8,'','2020-07-16 12:16:32',1,'HUANCAS',1),(9,'','2020-07-16 12:16:32',1,'LAJALCA',1),(10,'','2020-07-16 12:16:32',1,'LEIMEBAMBA',1),(11,'','2020-07-16 12:16:32',1,'LEVANTO',1),(12,'','2020-07-16 12:16:32',1,'MAGDALENA',1),(13,'','2020-07-16 12:16:32',1,'MARISCAL CASTILLA',1),(14,'','2020-07-16 12:16:33',1,'MOLINO PAMPA',1),(15,'','2020-07-16 12:16:33',1,'MONTEVIDEO',1),(16,'','2020-07-16 12:16:33',1,'OLLEROS',1),(17,'','2020-07-16 12:16:33',1,'QUINJALCA',1),(18,'','2020-07-16 12:16:33',1,'SAN FRANCISCO DE DAGUAS',1),(19,'','2020-07-16 12:16:33',1,'SAN ISIDRO DE MAINO',1),(20,'','2020-07-16 12:16:33',1,'SOLOCO',1),(21,'','2020-07-16 12:16:33',1,'SONCHE',1),(22,'','2020-07-16 12:16:33',1,'BAGUA',2),(23,'','2020-07-16 12:16:34',1,'ARAMANGO',2),(24,'','2020-07-16 12:16:34',1,'COPALLIN',2),(25,'','2020-07-16 12:16:34',1,'ELPARCO',2),(26,'','2020-07-16 12:16:34',1,'IMAZA',2),(27,'','2020-07-16 12:16:34',1,'LAPECA',2),(28,'','2020-07-16 12:16:34',1,'JUMBILLA',3),(29,'','2020-07-16 12:16:34',1,'CHISQUILLA',3),(30,'','2020-07-16 12:16:34',1,'CHURUJA',3),(31,'','2020-07-16 12:16:34',1,'COROSHA',3),(32,'','2020-07-16 12:16:35',1,'CUISPES',3),(33,'','2020-07-16 12:16:35',1,'FLORIDA',3),(34,'','2020-07-16 12:16:35',1,'JAZAN',3),(35,'','2020-07-16 12:16:35',1,'RECTA',3),(36,'','2020-07-16 12:16:35',1,'SAN CARLOS',3),(37,'','2020-07-16 12:16:35',1,'SHIPASBAMBA',3),(38,'','2020-07-16 12:16:35',1,'VALERA',3),(39,'','2020-07-16 12:16:35',1,'YAMBRASBAMBA',3),(40,'','2020-07-16 12:16:35',1,'NIEVA',4),(41,'','2020-07-16 12:16:36',1,'ELCENEPA',4),(42,'','2020-07-16 12:16:36',1,'RIOSANTIAGO',4),(43,'','2020-07-16 12:16:36',1,'LAMUD',5),(44,'','2020-07-16 12:16:36',1,'CAMPO RREDONDO',5),(45,'','2020-07-16 12:16:36',1,'COCABAMBA',5),(46,'','2020-07-16 12:16:36',1,'COLCAMAR',5),(47,'','2020-07-16 12:16:36',1,'CONILA',5),(48,'','2020-07-16 12:16:36',1,'INGUILPATA',5),(49,'','2020-07-16 12:16:36',1,'LONGUITA',5),(50,'','2020-07-16 12:16:37',1,'LONYACHICO',5),(51,'','2020-07-16 12:16:37',1,'LUYA',5),(52,'','2020-07-16 12:16:37',1,'LUYAVIEJO',5),(53,'','2020-07-16 12:16:37',1,'MARIA',5),(54,'','2020-07-16 12:16:37',1,'OCALLI',5),(55,'','2020-07-16 12:16:37',1,'OCUMAL',5),(56,'','2020-07-16 12:16:37',1,'PISUQUIA',5),(57,'','2020-07-16 12:16:37',1,'PROVIDENCIA',5),(58,'','2020-07-16 12:16:37',1,'SAN CRISTOBAL',5),(59,'','2020-07-16 12:16:38',1,'SAN FRANCISCO DE YESO',5),(60,'','2020-07-16 12:16:38',1,'SAN JERONIMO',5),(61,'','2020-07-16 12:16:38',1,'SAN JUAN DE LOPECANCHA',5),(62,'','2020-07-16 12:16:38',1,'SANTA CATALINA',5),(63,'','2020-07-16 12:16:38',1,'SANTO TOMAS',5),(64,'','2020-07-16 12:16:38',1,'TINGO',5),(65,'','2020-07-16 12:16:38',1,'TRITA',5),(66,'','2020-07-16 12:16:38',1,'SANNICOLAS',6),(67,'','2020-07-16 12:16:38',1,'CHIRIMOTO',6),(68,'','2020-07-16 12:16:39',1,'COCHAMAL',6),(69,'','2020-07-16 12:16:39',1,'HUAMBO',6),(70,'','2020-07-16 12:16:39',1,'LIMABAMBA',6),(71,'','2020-07-16 12:16:39',1,'LONGAR',6),(72,'','2020-07-16 12:16:39',1,'MARISCAL BENAVIDES',6),(73,'','2020-07-16 12:16:39',1,'MILPUC',6),(74,'','2020-07-16 12:16:39',1,'OMIA',6),(75,'','2020-07-16 12:16:39',1,'SANTA ROSA',6),(76,'','2020-07-16 12:16:40',1,'TOTORA',6),(77,'','2020-07-16 12:16:40',1,'VISTA ALEGRE',6),(78,'','2020-07-16 12:16:40',1,'BAGUA GRANDE',7),(79,'','2020-07-16 12:16:40',1,'CAJARURO',7),(80,'','2020-07-16 12:16:40',1,'CUMBA',7),(81,'','2020-07-16 12:16:40',1,'EL MILAGRO',7),(82,'','2020-07-16 12:16:40',1,'JAMALCA',7),(83,'','2020-07-16 12:16:40',1,'LONYA GRANDE',7),(84,'','2020-07-16 12:16:40',1,'YAMON',7),(85,'','2020-07-16 12:16:41',1,'HUARAZ',8),(86,'','2020-07-16 12:16:41',1,'COCHABAMBA',8),(87,'','2020-07-16 12:16:41',1,'COLCABAMBA',8),(88,'','2020-07-16 12:16:41',1,'HUANCHAY',8),(89,'','2020-07-16 12:16:41',1,'INDEPENDENCIA',8),(90,'','2020-07-16 12:16:41',1,'JANGAS',8),(91,'','2020-07-16 12:16:41',1,'LA LIBERTAD',8),(92,'','2020-07-16 12:16:41',1,'OLLEROS',8),(93,'','2020-07-16 12:16:41',1,'PAMPAS GRANDE',8),(94,'','2020-07-16 12:16:42',1,'PARIACOTO',8),(95,'','2020-07-16 12:16:42',1,'PIRA',8),(96,'','2020-07-16 12:16:42',1,'TARICA',8),(97,'','2020-07-16 12:16:42',1,'AIJA',9),(98,'','2020-07-16 12:16:42',1,'CORIS',9),(99,'','2020-07-16 12:16:42',1,'HUACLLAN',9),(100,'','2020-07-16 12:16:42',1,'LAMERCED',9),(101,'','2020-07-16 12:16:42',1,'SUCCHA',9),(102,'','2020-07-16 12:16:42',1,'LLAMELLIN',10),(103,'','2020-07-16 12:16:43',1,'ACZO',10),(104,'','2020-07-16 12:16:43',1,'CHACCHO',10),(105,'','2020-07-16 12:16:43',1,'CHINGAS',10),(106,'','2020-07-16 12:16:43',1,'MIRGAS',10),(107,'','2020-07-16 12:16:43',1,'SAN JUAN DE RONTOY',10),(108,'','2020-07-16 12:16:43',1,'CHACAS',11),(109,'','2020-07-16 12:16:43',1,'ACOCHACA',11),(110,'','2020-07-16 12:16:43',1,'CHIQUIAN',12),(111,'','2020-07-16 12:16:43',1,'ABELARDO PARDO LEZAMETA',12),(112,'','2020-07-16 12:16:44',1,'ANTONIO RAYMONDI',12),(113,'','2020-07-16 12:16:44',1,'AQUIA',12),(114,'','2020-07-16 12:16:44',1,'CAJACAY',12),(115,'','2020-07-16 12:16:44',1,'CANIS',12),(116,'','2020-07-16 12:16:44',1,'COLQUIOC',12),(117,'','2020-07-16 12:16:44',1,'HUALLANCA',12),(118,'','2020-07-16 12:16:44',1,'HUASTA',12),(119,'','2020-07-16 12:16:44',1,'HUAYLLACAYAN',12),(120,'','2020-07-16 12:16:44',1,'LA PRIMAVERA',12),(121,'','2020-07-16 12:16:45',1,'MANGAS',12),(122,'','2020-07-16 12:16:45',1,'PACLLON',12),(123,'','2020-07-16 12:16:45',1,'SAN MIGUEL DE CORPANQUI',12),(124,'','2020-07-16 12:16:45',1,'TICLLOS',12),(125,'','2020-07-16 12:16:45',1,'CARHUAZ',13),(126,'','2020-07-16 12:16:45',1,'ACOPAMPA',13),(127,'','2020-07-16 12:16:45',1,'AMASHCA',13),(128,'','2020-07-16 12:16:45',1,'ANTA',13),(129,'','2020-07-16 12:16:45',1,'ATAQUERO',13),(130,'','2020-07-16 12:16:46',1,'MARCARA',13),(131,'','2020-07-16 12:16:46',1,'PARIAHUANCA',13),(132,'','2020-07-16 12:16:46',1,'SAN MIGUEL DEACO',13),(133,'','2020-07-16 12:16:46',1,'SHILLA',13),(134,'','2020-07-16 12:16:46',1,'TINCO',13),(135,'','2020-07-16 12:16:46',1,'YUNGAR',13),(136,'','2020-07-16 12:16:46',1,'SAN LUIS',14),(137,'','2020-07-16 12:16:46',1,'SAN NICOLAS',14),(138,'','2020-07-16 12:16:46',1,'YAUYA',14),(139,'','2020-07-16 12:16:47',1,'CASMA',15),(140,'','2020-07-16 12:16:47',1,'BUENA VISTA ALTA',15),(141,'','2020-07-16 12:16:47',1,'COMANDANTE NOEL',15),(142,'','2020-07-16 12:16:47',1,'YAUTAN',15),(143,'','2020-07-16 12:16:47',1,'CORONGO',16),(144,'','2020-07-16 12:16:47',1,'ACO',16),(145,'','2020-07-16 12:16:47',1,'BAMBAS',16),(146,'','2020-07-16 12:16:47',1,'CUSCA',16),(147,'','2020-07-16 12:16:47',1,'LAPAMPA',16),(148,'','2020-07-16 12:16:48',1,'YANAC',16),(149,'','2020-07-16 12:16:48',1,'YUPAN',16),(150,'','2020-07-16 12:16:48',1,'HUARI',17),(151,'','2020-07-16 12:16:48',1,'ANRA',17),(152,'','2020-07-16 12:16:48',1,'CAJAY',17),(153,'','2020-07-16 12:16:48',1,'CHAVIN DE HUANTAR',17),(154,'','2020-07-16 12:16:48',1,'HUACACHI',17),(155,'','2020-07-16 12:16:48',1,'HUACCHIS',17),(156,'','2020-07-16 12:16:48',1,'HUACHIS',17),(157,'','2020-07-16 12:16:49',1,'HUANTAR',17),(158,'','2020-07-16 12:16:49',1,'MASIN',17),(159,'','2020-07-16 12:16:49',1,'PAUCAS',17),(160,'','2020-07-16 12:16:49',1,'PONTO',17),(161,'','2020-07-16 12:16:49',1,'RAHUAPAMPA',17),(162,'','2020-07-16 12:16:49',1,'RAPAYAN',17),(163,'','2020-07-16 12:16:49',1,'SAN MARCOS',17),(164,'','2020-07-16 12:16:49',1,'SAN PEDRO DE CHANA',17),(165,'','2020-07-16 12:16:49',1,'UCO',17),(166,'','2020-07-16 12:16:50',1,'HUARMEY',18),(167,'','2020-07-16 12:16:50',1,'COCHAPETI',18),(168,'','2020-07-16 12:16:50',1,'CULEBRAS',18),(169,'','2020-07-16 12:16:50',1,'HUAYAN',18),(170,'','2020-07-16 12:16:50',1,'MALVAS',18),(171,'','2020-07-16 12:16:50',1,'CARAZ',19),(172,'','2020-07-16 12:16:51',1,'HUALLANCA',19),(173,'','2020-07-16 12:16:51',1,'HUATA',19),(174,'','2020-07-16 12:16:51',1,'HUAYLAS',19),(175,'','2020-07-16 12:16:51',1,'MATO',19),(176,'','2020-07-16 12:16:51',1,'PAMPA ROMAS',19),(177,'','2020-07-16 12:16:51',1,'PUEBLO LIBRE',19),(178,'','2020-07-16 12:16:52',1,'SANTA CRUZ',19),(179,'','2020-07-16 12:16:52',1,'SANTO TORIBIO',19),(180,'','2020-07-16 12:16:52',1,'YURACMARCA',19),(181,'','2020-07-16 12:16:52',1,'PISCOBAMBA',20),(182,'','2020-07-16 12:16:52',1,'CASCA',20),(183,'','2020-07-16 12:16:52',1,'ELEAZAR GUZMAN BARRON',20),(184,'','2020-07-16 12:16:52',1,'FIDEL OLIVA SESCUDERO',20),(185,'','2020-07-16 12:16:53',1,'LLAMA',20),(186,'','2020-07-16 12:16:53',1,'LLUMPA',20),(187,'','2020-07-16 12:16:53',1,'LUCMA',20),(188,'','2020-07-16 12:16:53',1,'MUSGA',20),(189,'','2020-07-16 12:16:53',1,'OCROS',21),(190,'','2020-07-16 12:16:53',1,'ACAS',21),(191,'','2020-07-16 12:16:53',1,'CAJAMARQUILLA',21),(192,'','2020-07-16 12:16:53',1,'CARHUAPAMPA',21),(193,'','2020-07-16 12:16:53',1,'COCHAS',21),(194,'','2020-07-16 12:16:54',1,'CONGAS',21),(195,'','2020-07-16 12:16:54',1,'LLIPA',21),(196,'','2020-07-16 12:16:54',1,'SAN CRISTOBAL DE RAJAN',21),(197,'','2020-07-16 12:16:54',1,'SAN PEDRO',21),(198,'','2020-07-16 12:16:54',1,'SANTIAGO DE CHILCAS',21),(199,'','2020-07-16 12:16:54',1,'CABANA',22),(200,'','2020-07-16 12:16:54',1,'BOLOGNESI',22),(201,'','2020-07-16 12:16:54',1,'CONCHUCOS',22),(202,'','2020-07-16 12:16:54',1,'HUACASCHUQUE',22),(203,'','2020-07-16 12:16:55',1,'HUANDOVAL',22),(204,'','2020-07-16 12:16:55',1,'LACABAMBA',22),(205,'','2020-07-16 12:16:55',1,'LLAPO',22),(206,'','2020-07-16 12:16:55',1,'PALLASCA',22),(207,'','2020-07-16 12:16:55',1,'PAMPAS',22),(208,'','2020-07-16 12:16:55',1,'SANTA ROSA',22),(209,'','2020-07-16 12:16:55',1,'TAUCA',22),(210,'','2020-07-16 12:16:55',1,'POMABAMBA',23),(211,'','2020-07-16 12:16:55',1,'HUAYLLAN',23),(212,'','2020-07-16 12:16:56',1,'PAROBAMBA',23),(213,'','2020-07-16 12:16:56',1,'QUINUABAMBA',23),(214,'','2020-07-16 12:16:56',1,'RECUAY',24),(215,'','2020-07-16 12:16:56',1,'CATAC',24),(216,'','2020-07-16 12:16:56',1,'COTAPARACO',24),(217,'','2020-07-16 12:16:56',1,'HUAYLLAPAMPA',24),(218,'','2020-07-16 12:16:56',1,'LLACLLIN',24),(219,'','2020-07-16 12:16:56',1,'MARCA',24),(220,'','2020-07-16 12:16:56',1,'PAMPASCHICO',24),(221,'','2020-07-16 12:16:57',1,'PARARIN',24),(222,'','2020-07-16 12:16:57',1,'TAPACOCHA',24),(223,'','2020-07-16 12:16:57',1,'TICAPAMPA',24),(224,'','2020-07-16 12:16:57',1,'CHIMBOTE',25),(225,'','2020-07-16 12:16:57',1,'CACERES DEL PERU',25),(226,'','2020-07-16 12:16:57',1,'COISHCO',25),(227,'','2020-07-16 12:16:57',1,'MACATE',25),(228,'','2020-07-16 12:16:57',1,'MORO',25),(229,'','2020-07-16 12:16:57',1,'NEPEÑA',25),(230,'','2020-07-16 12:16:58',1,'SAMANCO',25),(231,'','2020-07-16 12:16:58',1,'SANTA',25),(232,'','2020-07-16 12:16:58',1,'NUEVO CHIMBOTE',25),(233,'','2020-07-16 12:16:58',1,'SIHUAS',26),(234,'','2020-07-16 12:16:58',1,'ACOBAMBA',26),(235,'','2020-07-16 12:16:58',1,'ALFONSO UGARTE',26),(236,'','2020-07-16 12:16:58',1,'CASHAPAMPA',26),(237,'','2020-07-16 12:16:58',1,'CHINGALPO',26),(238,'','2020-07-16 12:16:58',1,'HUAYLLABAMBA',26),(239,'','2020-07-16 12:16:59',1,'QUICHES',26),(240,'','2020-07-16 12:16:59',1,'RAGASH',26),(241,'','2020-07-16 12:16:59',1,'SANJUAN',26),(242,'','2020-07-16 12:16:59',1,'SICSIBAMBA',26),(243,'','2020-07-16 12:16:59',1,'YUNGAY',27),(244,'','2020-07-16 12:16:59',1,'CASCAPARA',27),(245,'','2020-07-16 12:16:59',1,'MANCOS',27),(246,'','2020-07-16 12:16:59',1,'MATACOTO',27),(247,'','2020-07-16 12:16:59',1,'QUILLO',27),(248,'','2020-07-16 12:17:00',1,'RANRAHIRCA',27),(249,'','2020-07-16 12:17:00',1,'SHUPLUY',27),(250,'','2020-07-16 12:17:00',1,'YANAMA',27),(251,'','2020-07-16 12:17:00',1,'ABANCAY',28),(252,'','2020-07-16 12:17:00',1,'CHACOCHE',28),(253,'','2020-07-16 12:17:00',1,'CIRCA',28),(254,'','2020-07-16 12:17:00',1,'CURAHUASI',28),(255,'','2020-07-16 12:17:00',1,'HUANIPACA',28),(256,'','2020-07-16 12:17:00',1,'LAMBRAMA',28),(257,'','2020-07-16 12:17:00',1,'PICHIRHUA',28),(258,'','2020-07-16 12:17:01',1,'SAN PEDRO DE CACHORA',28),(259,'','2020-07-16 12:17:01',1,'TAMBURCO',28),(260,'','2020-07-16 12:17:01',1,'ANDAHUAYLAS',29),(261,'','2020-07-16 12:17:01',1,'ANDARAPA',29),(262,'','2020-07-16 12:17:01',1,'CHIARA',29),(263,'','2020-07-16 12:17:01',1,'HUANCARAMA',29),(264,'','2020-07-16 12:17:01',1,'HUANCARAY',29),(265,'','2020-07-16 12:17:01',1,'HUAYANA',29),(266,'','2020-07-16 12:17:01',1,'KISHUARA',29),(267,'','2020-07-16 12:17:02',1,'PACOBAMBA',29),(268,'','2020-07-16 12:17:02',1,'PACUCHA',29),(269,'','2020-07-16 12:17:02',1,'PAMPACHIRI',29),(270,'','2020-07-16 12:17:02',1,'POMACOCHA',29),(271,'','2020-07-16 12:17:02',1,'SAN ANTONIO DE CACHI',29),(272,'','2020-07-16 12:17:02',1,'SAN JERONIMO',29),(273,'','2020-07-16 12:17:02',1,'SAN MIGUEL DE CHACCRAMPA',29),(274,'','2020-07-16 12:17:02',1,'SANTA MARIA DE CHICMO',29),(275,'','2020-07-16 12:17:02',1,'TALAVERA',29),(276,'','2020-07-16 12:17:03',1,'TUMAYHUARACA',29),(277,'','2020-07-16 12:17:03',1,'TURPO',29),(278,'','2020-07-16 12:17:03',1,'KAQUIABAMBA',29),(279,'','2020-07-16 12:17:03',1,'JOSE MARIA ARGUEDAS',29),(280,'','2020-07-16 12:17:03',1,'ANTABAMBA',30),(281,'','2020-07-16 12:17:03',1,'ELORO',30),(282,'','2020-07-16 12:17:03',1,'HUAQUIRCA',30),(283,'','2020-07-16 12:17:03',1,'JUAN ESPINOZA MEDRANO',30),(284,'','2020-07-16 12:17:04',1,'OROPESA',30),(285,'','2020-07-16 12:17:04',1,'PACHACONAS',30),(286,'','2020-07-16 12:17:04',1,'SABAINO',30),(287,'','2020-07-16 12:17:04',1,'CHALHUANCA',31),(288,'','2020-07-16 12:17:04',1,'CAPAYA',31),(289,'','2020-07-16 12:17:04',1,'CARAYBAMBA',31),(290,'','2020-07-16 12:17:04',1,'CHAPIMARCA',31),(291,'','2020-07-16 12:17:04',1,'COLCABAMBA',31),(292,'','2020-07-16 12:17:04',1,'COTARUSE',31),(293,'','2020-07-16 12:17:05',1,'IHUAYLLO',31),(294,'','2020-07-16 12:17:05',1,'JUSTO APUSA HUARAURA',31),(295,'','2020-07-16 12:17:05',1,'LUCRE',31),(296,'','2020-07-16 12:17:05',1,'POCOHUANCA',31),(297,'','2020-07-16 12:17:05',1,'SAN JUAN DE CHACÑA',31),(298,'','2020-07-16 12:17:05',1,'SAÑAYCA',31),(299,'','2020-07-16 12:17:05',1,'SORAYA',31),(300,'','2020-07-16 12:17:05',1,'TAPAIRIHUA',31),(301,'','2020-07-16 12:17:05',1,'TINTAY',31),(302,'','2020-07-16 12:17:06',1,'TORAYA',31),(303,'','2020-07-16 12:17:06',1,'YANACA',31),(304,'','2020-07-16 12:17:06',1,'TAMBOBAMBA',32),(305,'','2020-07-16 12:17:06',1,'COTABAMBAS',32),(306,'','2020-07-16 12:17:06',1,'COYLLURQUI',32),(307,'','2020-07-16 12:17:06',1,'HAQUIRA',32),(308,'','2020-07-16 12:17:06',1,'MARA',32),(309,'','2020-07-16 12:17:06',1,'CHALLHUAHUACHO',32),(310,'','2020-07-16 12:17:07',1,'CHINCHEROS',33),(311,'','2020-07-16 12:17:07',1,'ANCO_HUALLO',33),(312,'','2020-07-16 12:17:07',1,'COCHARCAS',33),(313,'','2020-07-16 12:17:07',1,'HUACCANA',33),(314,'','2020-07-16 12:17:07',1,'OCOBAMBA',33),(315,'','2020-07-16 12:17:07',1,'ONGOY',33),(316,'','2020-07-16 12:17:07',1,'URANMARCA',33),(317,'','2020-07-16 12:17:07',1,'RANRACANCHA',33),(318,'','2020-07-16 12:17:07',1,'ROCCHACC',33),(319,'','2020-07-16 12:17:08',1,'EL PORVENIR',33),(320,'','2020-07-16 12:17:08',1,'LOS CHANKAS',33),(321,'','2020-07-16 12:17:08',1,'CHUQUIBAMBILLA',34),(322,'','2020-07-16 12:17:08',1,'CURPAHUASI',34),(323,'','2020-07-16 12:17:08',1,'GAMARRA',34),(324,'','2020-07-16 12:17:08',1,'HUAYLLATI',34),(325,'','2020-07-16 12:17:08',1,'MAMARA',34),(326,'','2020-07-16 12:17:08',1,'MICAELA BASTIDAS',34),(327,'','2020-07-16 12:17:08',1,'PATAYPAMPA',34),(328,'','2020-07-16 12:17:09',1,'PROGRESO',34),(329,'','2020-07-16 12:17:09',1,'SAN ANTONIO',34),(330,'','2020-07-16 12:17:09',1,'SANTA ROSA',34),(331,'','2020-07-16 12:17:09',1,'TURPAY',34),(332,'','2020-07-16 12:17:09',1,'VILCABAMBA',34),(333,'','2020-07-16 12:17:09',1,'VIRUNDO',34),(334,'','2020-07-16 12:17:09',1,'CURASCO',34),(335,'','2020-07-16 12:17:09',1,'AREQUIPA',35),(336,'','2020-07-16 12:17:09',1,'ALTO SELVA ALEGRE',35),(337,'','2020-07-16 12:17:10',1,'CAYMA',35),(338,'','2020-07-16 12:17:10',1,'CERRO COLORADO',35),(339,'','2020-07-16 12:17:10',1,'CHARACATO',35),(340,'','2020-07-16 12:17:10',1,'CHIGUATA',35),(341,'','2020-07-16 12:17:10',1,'JACOBO HUNTER',35),(342,'','2020-07-16 12:17:10',1,'LAJOYA',35),(343,'','2020-07-16 12:17:10',1,'MARIANO MELGAR',35),(344,'','2020-07-16 12:17:10',1,'MIRAFLORES',35),(345,'','2020-07-16 12:17:10',1,'MOLLEBAYA',35),(346,'','2020-07-16 12:17:11',1,'PAUCARPATA',35),(347,'','2020-07-16 12:17:11',1,'POCSI',35),(348,'','2020-07-16 12:17:11',1,'POLOBAYA',35),(349,'','2020-07-16 12:17:11',1,'QUEQUEÑA',35),(350,'','2020-07-16 12:17:11',1,'SABANDIA',35),(351,'','2020-07-16 12:17:11',1,'SACHACA',35),(352,'','2020-07-16 12:17:11',1,'SAN JUAN DE SIGUAS',35),(353,'','2020-07-16 12:17:11',1,'SAN JUAN DE TARUCANI',35),(354,'','2020-07-16 12:17:11',1,'SANTA ISABEL DE SIGUAS',35),(355,'','2020-07-16 12:17:12',1,'SANTA RITA DE SIGUAS',35),(356,'','2020-07-16 12:17:12',1,'SOCABAYA',35),(357,'','2020-07-16 12:17:12',1,'TIABAYA',35),(358,'','2020-07-16 12:17:12',1,'UCHUMAYO',35),(359,'','2020-07-16 12:17:12',1,'VITOR',35),(360,'','2020-07-16 12:17:12',1,'YANAHUARA',35),(361,'','2020-07-16 12:17:12',1,'YARABAMBA',35),(362,'','2020-07-16 12:17:12',1,'YURA',35),(363,'','2020-07-16 12:17:12',1,'JOSE LUIS BUSTAMANTE Y RIVERO',35),(364,'','2020-07-16 12:17:13',1,'CAMANA',36),(365,'','2020-07-16 12:17:13',1,'JOSE MARIA QUIMPER',36),(366,'','2020-07-16 12:17:13',1,'MARIANO NICOLAS VALCARCEL',36),(367,'','2020-07-16 12:17:13',1,'MARISCAL CACERES',36),(368,'','2020-07-16 12:17:13',1,'NICOLAS DE PIEROLA',36),(369,'','2020-07-16 12:17:13',1,'OCOÑA',36),(370,'','2020-07-16 12:17:13',1,'QUILCA',36),(371,'','2020-07-16 12:17:13',1,'SAMUEL PASTOR',36),(372,'','2020-07-16 12:17:13',1,'CARAVELI',37),(373,'','2020-07-16 12:17:14',1,'ACARI',37),(374,'','2020-07-16 12:17:14',1,'ATICO',37),(375,'','2020-07-16 12:17:14',1,'ATIQUIPA',37),(376,'','2020-07-16 12:17:14',1,'BELLAUNION',37),(377,'','2020-07-16 12:17:14',1,'CAHUACHO',37),(378,'','2020-07-16 12:17:14',1,'CHALA',37),(379,'','2020-07-16 12:17:14',1,'CHAPARRA',37),(380,'','2020-07-16 12:17:14',1,'HUANUHUANU',37),(381,'','2020-07-16 12:17:14',1,'JAQUI',37),(382,'','2020-07-16 12:17:14',1,'LOMAS',37),(383,'','2020-07-16 12:17:15',1,'QUICACHA',37),(384,'','2020-07-16 12:17:15',1,'YAUCA',37),(385,'','2020-07-16 12:17:15',1,'APLAO',38),(386,'','2020-07-16 12:17:15',1,'ANDAGUA',38),(387,'','2020-07-16 12:17:15',1,'AYO',38),(388,'','2020-07-16 12:17:15',1,'CHACHAS',38),(389,'','2020-07-16 12:17:15',1,'CHILCAYMARCA',38),(390,'','2020-07-16 12:17:15',1,'CHOCO',38),(391,'','2020-07-16 12:17:16',1,'HUANCARQUI',38),(392,'','2020-07-16 12:17:16',1,'MACHAGUAY',38),(393,'','2020-07-16 12:17:16',1,'ORCOPAMPA',38),(394,'','2020-07-16 12:17:16',1,'PAMPACOLCA',38),(395,'','2020-07-16 12:17:16',1,'TIPAN',38),(396,'','2020-07-16 12:17:16',1,'UÑON',38),(397,'','2020-07-16 12:17:16',1,'URACA',38),(398,'','2020-07-16 12:17:16',1,'VIRACO',38),(399,'','2020-07-16 12:17:16',1,'CHIVAY',39),(400,'','2020-07-16 12:17:16',1,'ACHOMA',39),(401,'','2020-07-16 12:17:17',1,'CABANACONDE',39),(402,'','2020-07-16 12:17:17',1,'CALLALLI',39),(403,'','2020-07-16 12:17:17',1,'CAYLLOMA',39),(404,'','2020-07-16 12:17:17',1,'COPORAQUE',39),(405,'','2020-07-16 12:17:17',1,'HUAMBO',39),(406,'','2020-07-16 12:17:17',1,'HUANCA',39),(407,'','2020-07-16 12:17:17',1,'ICHUPAMPA',39),(408,'','2020-07-16 12:17:17',1,'LARI',39),(409,'','2020-07-16 12:17:18',1,'LLUTA',39),(410,'','2020-07-16 12:17:18',1,'MACA',39),(411,'','2020-07-16 12:17:18',1,'MADRIGAL',39),(412,'','2020-07-16 12:17:18',1,'SAN ANTONIO DE CHUCA',39),(413,'','2020-07-16 12:17:18',1,'SIBAYO',39),(414,'','2020-07-16 12:17:18',1,'TAPAY',39),(415,'','2020-07-16 12:17:18',1,'TISCO',39),(416,'','2020-07-16 12:17:18',1,'TUTI',39),(417,'','2020-07-16 12:17:18',1,'YANQUE',39),(418,'','2020-07-16 12:17:19',1,'MAJES',39),(419,'','2020-07-16 12:17:19',1,'CHUQUIBAMBA',40),(420,'','2020-07-16 12:17:19',1,'ANDARAY',40),(421,'','2020-07-16 12:17:19',1,'CAYARANI',40),(422,'','2020-07-16 12:17:19',1,'CHICHAS',40),(423,'','2020-07-16 12:17:19',1,'IRAY',40),(424,'','2020-07-16 12:17:19',1,'RIO GRANDE',40),(425,'','2020-07-16 12:17:19',1,'SALAMANCA',40),(426,'','2020-07-16 12:17:19',1,'YANAQUIHUA',40),(427,'','2020-07-16 12:17:19',1,'MOLLENDO',41),(428,'','2020-07-16 12:17:20',1,'COCACHACRA',41),(429,'','2020-07-16 12:17:20',1,'DEANVALDIVIA',41),(430,'','2020-07-16 12:17:20',1,'ISLAY',41),(431,'','2020-07-16 12:17:20',1,'MEJIA',41),(432,'','2020-07-16 12:17:20',1,'PUNTA DE BOMBON',41),(433,'','2020-07-16 12:17:20',1,'COTAHUASI',42),(434,'','2020-07-16 12:17:20',1,'ALCA',42),(435,'','2020-07-16 12:17:20',1,'CHARCANA',42),(436,'','2020-07-16 12:17:21',1,'HUAYNACOTAS',42),(437,'','2020-07-16 12:17:21',1,'PAMPAMARCA',42),(438,'','2020-07-16 12:17:21',1,'PUYCA',42),(439,'','2020-07-16 12:17:21',1,'QUECHUALLA',42),(440,'','2020-07-16 12:17:21',1,'SAYLA',42),(441,'','2020-07-16 12:17:21',1,'TAURIA',42),(442,'','2020-07-16 12:17:21',1,'TOMEPAMPA',42),(443,'','2020-07-16 12:17:21',1,'TORO',42),(444,'','2020-07-16 12:17:21',1,'AYACUCHO',43),(445,'','2020-07-16 12:17:22',1,'ACOCRO',43),(446,'','2020-07-16 12:17:22',1,'ACOSVINCHOS',43),(447,'','2020-07-16 12:17:22',1,'CARMENALTO',43),(448,'','2020-07-16 12:17:22',1,'CHIARA',43),(449,'','2020-07-16 12:17:22',1,'OCROS',43),(450,'','2020-07-16 12:17:22',1,'PACAYCASA',43),(451,'','2020-07-16 12:17:22',1,'QUINUA',43),(452,'','2020-07-16 12:17:22',1,'SAN JOSE DE TICLLAS',43),(453,'','2020-07-16 12:17:22',1,'SAN JUAN BAUTISTA',43),(454,'','2020-07-16 12:17:23',1,'SANTIAGO DE PISCHA',43),(455,'','2020-07-16 12:17:23',1,'SOCOS',43),(456,'','2020-07-16 12:17:23',1,'TAMBILLO',43),(457,'','2020-07-16 12:17:23',1,'VINCHOS',43),(458,'','2020-07-16 12:17:23',1,'JESUS NAZARENO',43),(459,'','2020-07-16 12:17:23',1,'ANDRES AVELINO CACERES DORREGARAY',43),(460,'','2020-07-16 12:17:23',1,'CANGALLO',44),(461,'','2020-07-16 12:17:23',1,'CHUSCHI',44),(462,'','2020-07-16 12:17:23',1,'LOS MOROCHUCOS',44),(463,'','2020-07-16 12:17:23',1,'MARIA PARADO DE BELLIDO',44),(464,'','2020-07-16 12:17:24',1,'PARAS',44),(465,'','2020-07-16 12:17:24',1,'TOTOS',44),(466,'','2020-07-16 12:17:24',1,'SANCOS',45),(467,'','2020-07-16 12:17:24',1,'CARAPO',45),(468,'','2020-07-16 12:17:24',1,'SACSAMARCA',45),(469,'','2020-07-16 12:17:24',1,'SANTIAGO DE LUCANAMARCA',45),(470,'','2020-07-16 12:17:24',1,'HUANTA',46),(471,'','2020-07-16 12:17:24',1,'AYAHUANCO',46),(472,'','2020-07-16 12:17:24',1,'HUAMANGUILLA',46),(473,'','2020-07-16 12:17:25',1,'IGUAIN',46),(474,'','2020-07-16 12:17:25',1,'LURICOCHA',46),(475,'','2020-07-16 12:17:25',1,'SANTILLANA',46),(476,'','2020-07-16 12:17:25',1,'SIVIA',46),(477,'','2020-07-16 12:17:25',1,'LLOCHEGUA',46),(478,'','2020-07-16 12:17:25',1,'CANAYRE',46),(479,'','2020-07-16 12:17:25',1,'UCHURACCAY',46),(480,'','2020-07-16 12:17:25',1,'PUCACOLPA',46),(481,'','2020-07-16 12:17:25',1,'CHACA',46),(482,'','2020-07-16 12:17:26',1,'SANMIGUEL',47),(483,'','2020-07-16 12:17:26',1,'ANCO',47),(484,'','2020-07-16 12:17:26',1,'AYNA',47),(485,'','2020-07-16 12:17:26',1,'CHILCAS',47),(486,'','2020-07-16 12:17:26',1,'CHUNGUI',47),(487,'','2020-07-16 12:17:26',1,'LUIS CARRANZA',47),(488,'','2020-07-16 12:17:26',1,'SANTA ROSA',47),(489,'','2020-07-16 12:17:26',1,'TAMBO',47),(490,'','2020-07-16 12:17:26',1,'SAMUGARI',47),(491,'','2020-07-16 12:17:27',1,'ANCHIHUAY',47),(492,'','2020-07-16 12:17:27',1,'ORONCCOY',47),(493,'','2020-07-16 12:17:27',1,'PUQUIO',48),(494,'','2020-07-16 12:17:27',1,'AUCARA',48),(495,'','2020-07-16 12:17:27',1,'CABANA',48),(496,'','2020-07-16 12:17:27',1,'CARMEN SALCEDO',48),(497,'','2020-07-16 12:17:27',1,'CHAVIÑA',48),(498,'','2020-07-16 12:17:27',1,'CHIPAO',48),(499,'','2020-07-16 12:17:28',1,'HUAC-HUAS',48),(500,'','2020-07-16 12:17:28',1,'LARAMATE',48),(501,'','2020-07-16 12:17:28',1,'LEONCIO PRADO',48),(502,'','2020-07-16 12:17:28',1,'LLAUTA',48),(503,'','2020-07-16 12:17:28',1,'LUCANAS',48),(504,'','2020-07-16 12:17:28',1,'OCAÑA',48),(505,'','2020-07-16 12:17:28',1,'OTOCA',48),(506,'','2020-07-16 12:17:28',1,'SAISA',48),(507,'','2020-07-16 12:17:28',1,'SAN CRISTOBAL',48),(508,'','2020-07-16 12:17:28',1,'SAN JUAN',48),(509,'','2020-07-16 12:17:29',1,'SAN PEDRO',48),(510,'','2020-07-16 12:17:29',1,'SAN PEDRO DE PALCO',48),(511,'','2020-07-16 12:17:29',1,'SANCOS',48),(512,'','2020-07-16 12:17:29',1,'SANTA ANA DE HUAYCAHUACHO',48),(513,'','2020-07-16 12:17:29',1,'SANTA LUCIA',48),(514,'','2020-07-16 12:17:29',1,'CORACORA',49),(515,'','2020-07-16 12:17:29',1,'CHUMPI',49),(516,'','2020-07-16 12:17:29',1,'CORONEL CASTAÑEDA',49),(517,'','2020-07-16 12:17:29',1,'PACAPAUSA',49),(518,'','2020-07-16 12:17:30',1,'PULLO',49),(519,'','2020-07-16 12:17:30',1,'PUYUSCA',49),(520,'','2020-07-16 12:17:30',1,'SAN FRANCISCO DE RAVACAYCO',49),(521,'','2020-07-16 12:17:30',1,'UPAHUACHO',49),(522,'','2020-07-16 12:17:30',1,'PAUSA',50),(523,'','2020-07-16 12:17:30',1,'COLTA',50),(524,'','2020-07-16 12:17:30',1,'CORCULLA',50),(525,'','2020-07-16 12:17:30',1,'LAMPA',50),(526,'','2020-07-16 12:17:30',1,'MARCABAMBA',50),(527,'','2020-07-16 12:17:31',1,'OYOLO',50),(528,'','2020-07-16 12:17:31',1,'PARARCA',50),(529,'','2020-07-16 12:17:31',1,'SAN JAVIER DE ALPABAMBA',50),(530,'','2020-07-16 12:17:31',1,'SAN JOSE DE USHUA',50),(531,'','2020-07-16 12:17:31',1,'SARASARA',50),(532,'','2020-07-16 12:17:31',1,'QUEROBAMBA',51),(533,'','2020-07-16 12:17:31',1,'BELEN',51),(534,'','2020-07-16 12:17:31',1,'CHALCOS',51),(535,'','2020-07-16 12:17:31',1,'CHILCAYOC',51),(536,'','2020-07-16 12:17:32',1,'HUACAÑA',51),(537,'','2020-07-16 12:17:32',1,'MORCOLLA',51),(538,'','2020-07-16 12:17:32',1,'PAICO',51),(539,'','2020-07-16 12:17:32',1,'SAN PEDRO DE LARCAY',51),(540,'','2020-07-16 12:17:32',1,'SAN SALVADOR DE QUIJE',51),(541,'','2020-07-16 12:17:32',1,'SANTIAGO DE PAUCARAY',51),(542,'','2020-07-16 12:17:32',1,'SORAS',51),(543,'','2020-07-16 12:17:32',1,'HUANCAPI',52),(544,'','2020-07-16 12:17:32',1,'ALCAMENCA',52),(545,'','2020-07-16 12:17:33',1,'APONGO',52),(546,'','2020-07-16 12:17:33',1,'ASQUIPATA',52),(547,'','2020-07-16 12:17:33',1,'CANARIA',52),(548,'','2020-07-16 12:17:33',1,'CAYARA',52),(549,'','2020-07-16 12:17:33',1,'COLCA',52),(550,'','2020-07-16 12:17:33',1,'HUAMANQUIQUIA',52),(551,'','2020-07-16 12:17:33',1,'HUANCARAYLLA',52),(552,'','2020-07-16 12:17:33',1,'HUALLA',52),(553,'','2020-07-16 12:17:33',1,'SARHUA',52),(554,'','2020-07-16 12:17:34',1,'VILCANCHOS',52),(555,'','2020-07-16 12:17:34',1,'VILCASHUAMAN',53),(556,'','2020-07-16 12:17:34',1,'ACCOMARCA',53),(557,'','2020-07-16 12:17:34',1,'CARHUANCA',53),(558,'','2020-07-16 12:17:34',1,'CONCEPCION',53),(559,'','2020-07-16 12:17:34',1,'HUAMBALPA',53),(560,'','2020-07-16 12:17:34',1,'INDEPENDENCIA',53),(561,'','2020-07-16 12:17:34',1,'SAURAMA',53),(562,'','2020-07-16 12:17:34',1,'VISCHONGO',53),(563,'','2020-07-16 12:17:34',1,'CAJAMARCA',54),(564,'','2020-07-16 12:17:35',1,'ASUNCION',54),(565,'','2020-07-16 12:17:35',1,'CHETILLA',54),(566,'','2020-07-16 12:17:35',1,'COSPAN',54),(567,'','2020-07-16 12:17:35',1,'ENCAÑADA',54),(568,'','2020-07-16 12:17:35',1,'JESUS',54),(569,'','2020-07-16 12:17:35',1,'LLACANORA',54),(570,'','2020-07-16 12:17:35',1,'LOS BAÑOS DEL INCA',54),(571,'','2020-07-16 12:17:35',1,'MAGDALENA',54),(572,'','2020-07-16 12:17:35',1,'MATARA',54),(573,'','2020-07-16 12:17:36',1,'NAMORA',54),(574,'','2020-07-16 12:17:36',1,'SAN JUAN',54),(575,'','2020-07-16 12:17:36',1,'CAJABAMBA',55),(576,'','2020-07-16 12:17:36',1,'CACHACHI',55),(577,'','2020-07-16 12:17:36',1,'CONDEBAMBA',55),(578,'','2020-07-16 12:17:36',1,'SITACOCHA',55),(579,'','2020-07-16 12:17:36',1,'CELENDIN',56),(580,'','2020-07-16 12:17:36',1,'CHUMUCH',56),(581,'','2020-07-16 12:17:36',1,'CORTEGANA',56),(582,'','2020-07-16 12:17:37',1,'HUASMIN',56),(583,'','2020-07-16 12:17:37',1,'JORGE CHAVEZ',56),(584,'','2020-07-16 12:17:37',1,'JOSE GALVEZ',56),(585,'','2020-07-16 12:17:37',1,'MIGUEL IGLESIAS',56),(586,'','2020-07-16 12:17:37',1,'OXAMARCA',56),(587,'','2020-07-16 12:17:37',1,'SOROCHUCO',56),(588,'','2020-07-16 12:17:37',1,'SUCRE',56),(589,'','2020-07-16 12:17:37',1,'UTCO',56),(590,'','2020-07-16 12:17:37',1,'LA LIBERTAD DE PALLAN',56),(591,'','2020-07-16 12:17:38',1,'CHOTA',57),(592,'','2020-07-16 12:17:38',1,'ANGUIA',57),(593,'','2020-07-16 12:17:38',1,'CHADIN',57),(594,'','2020-07-16 12:17:38',1,'CHIGUIRIP',57),(595,'','2020-07-16 12:17:38',1,'CHIMBAN',57),(596,'','2020-07-16 12:17:38',1,'CHOROPAMPA',57),(597,'','2020-07-16 12:17:38',1,'COCHABAMBA',57),(598,'','2020-07-16 12:17:38',1,'CONCHAN',57),(599,'','2020-07-16 12:17:38',1,'HUAMBOS',57),(600,'','2020-07-16 12:17:39',1,'LAJAS',57),(601,'','2020-07-16 12:17:39',1,'LLAMA',57),(602,'','2020-07-16 12:17:39',1,'MIRACOSTA',57),(603,'','2020-07-16 12:17:39',1,'PACCHA',57),(604,'','2020-07-16 12:17:39',1,'PION',57),(605,'','2020-07-16 12:17:39',1,'QUEROCOTO',57),(606,'','2020-07-16 12:17:39',1,'SAN JUAN DE LICUPIS',57),(607,'','2020-07-16 12:17:39',1,'TACABAMBA',57),(608,'','2020-07-16 12:17:39',1,'TOCMOCHE',57),(609,'','2020-07-16 12:17:40',1,'CHALAMARCA',57),(610,'','2020-07-16 12:17:40',1,'CONTUMAZA',58),(611,'','2020-07-16 12:17:40',1,'CHILETE',58),(612,'','2020-07-16 12:17:40',1,'CUPISNIQUE',58),(613,'','2020-07-16 12:17:40',1,'GUZMANGO',58),(614,'','2020-07-16 12:17:40',1,'SAN BENITO',58),(615,'','2020-07-16 12:17:40',1,'SANTA CRUZ DE TOLEDO',58),(616,'','2020-07-16 12:17:40',1,'TANTARICA',58),(617,'','2020-07-16 12:17:40',1,'YONAN',58),(618,'','2020-07-16 12:17:41',1,'CUTERVO',59),(619,'','2020-07-16 12:17:41',1,'CALLAYUC',59),(620,'','2020-07-16 12:17:41',1,'CHOROS',59),(621,'','2020-07-16 12:17:41',1,'CUJILLO',59),(622,'','2020-07-16 12:17:41',1,'LARAMADA',59),(623,'','2020-07-16 12:17:41',1,'PIMPINGOS',59),(624,'','2020-07-16 12:17:41',1,'QUEROCOTILLO',59),(625,'','2020-07-16 12:17:41',1,'SAN ANDRE SDE CUTERVO',59),(626,'','2020-07-16 12:17:41',1,'SAN JUAN DE CUTERVO',59),(627,'','2020-07-16 12:17:42',1,'SAN LUIS DE LUCMA',59),(628,'','2020-07-16 12:17:42',1,'SANTA CRUZ',59),(629,'','2020-07-16 12:17:42',1,'SANTO DOMINGO DE LA CAPILLA',59),(630,'','2020-07-16 12:17:42',1,'SANTO TOMAS',59),(631,'','2020-07-16 12:17:42',1,'SOCOTA',59),(632,'','2020-07-16 12:17:42',1,'TORIBIO CASANOVA',59),(633,'','2020-07-16 12:17:42',1,'BAMBAMARCA',60),(634,'','2020-07-16 12:17:42',1,'CHUGUR',60),(635,'','2020-07-16 12:17:42',1,'HUALGAYOC',60),(636,'','2020-07-16 12:17:43',1,'JAEN',61),(637,'','2020-07-16 12:17:43',1,'BELLAVISTA',61),(638,'','2020-07-16 12:17:43',1,'CHONTALI',61),(639,'','2020-07-16 12:17:43',1,'COLASAY',61),(640,'','2020-07-16 12:17:43',1,'HUABAL',61),(641,'','2020-07-16 12:17:43',1,'LAS PIRIAS',61),(642,'','2020-07-16 12:17:43',1,'POMAHUACA',61),(643,'','2020-07-16 12:17:43',1,'PUCARA',61),(644,'','2020-07-16 12:17:43',1,'SALLIQUE',61),(645,'','2020-07-16 12:17:43',1,'SAN FELIPE',61),(646,'','2020-07-16 12:17:44',1,'SAN JOSE DEL ALTO',61),(647,'','2020-07-16 12:17:44',1,'SANTA ROSA',61),(648,'','2020-07-16 12:17:44',1,'SAN IGNACIO',62),(649,'','2020-07-16 12:17:44',1,'CHIRINOS',62),(650,'','2020-07-16 12:17:44',1,'HUARANGO',62),(651,'','2020-07-16 12:17:44',1,'LACOIPA',62),(652,'','2020-07-16 12:17:44',1,'NAMBALLE',62),(653,'','2020-07-16 12:17:44',1,'SAN JOSE DE LOURDES',62),(654,'','2020-07-16 12:17:44',1,'TABACONAS',62),(655,'','2020-07-16 12:17:45',1,'PEDRO GALVEZ',63),(656,'','2020-07-16 12:17:45',1,'CHANCAY',63),(657,'','2020-07-16 12:17:45',1,'EDUARDO VILLANUEVA',63),(658,'','2020-07-16 12:17:45',1,'GREGORIO PITA',63),(659,'','2020-07-16 12:17:45',1,'ICHOCAN',63),(660,'','2020-07-16 12:17:45',1,'JOSE MANUEL QUIROZ',63),(661,'','2020-07-16 12:17:45',1,'JOSE SABOGAL',63),(662,'','2020-07-16 12:17:45',1,'SAN MIGUEL',64),(663,'','2020-07-16 12:17:45',1,'BOLIVAR',64),(664,'','2020-07-16 12:17:46',1,'CALQUIS',64),(665,'','2020-07-16 12:17:46',1,'CATILLUC',64),(666,'','2020-07-16 12:17:46',1,'ELPRADO',64),(667,'','2020-07-16 12:17:46',1,'LA FLORIDA',64),(668,'','2020-07-16 12:17:46',1,'LLAPA',64),(669,'','2020-07-16 12:17:46',1,'NANCHOC',64),(670,'','2020-07-16 12:17:46',1,'NIEPOS',64),(671,'','2020-07-16 12:17:46',1,'SAN GREGORIO',64),(672,'','2020-07-16 12:17:46',1,'SAN SILVESTRE DE COCHAN',64),(673,'','2020-07-16 12:17:47',1,'TONGOD',64),(674,'','2020-07-16 12:17:47',1,'UNION AGUA BLANCA',64),(675,'','2020-07-16 12:17:47',1,'SAN PABLO',65),(676,'','2020-07-16 12:17:47',1,'SAN BERNARDINO',65),(677,'','2020-07-16 12:17:47',1,'SAN LUIS',65),(678,'','2020-07-16 12:17:47',1,'TUMBADEN',65),(679,'','2020-07-16 12:17:47',1,'SANTA CRUZ',66),(680,'','2020-07-16 12:17:47',1,'ANDABAMBA',66),(681,'','2020-07-16 12:17:47',1,'CATACHE',66),(682,'','2020-07-16 12:17:48',1,'CHANCAYBAÑOS',66),(683,'','2020-07-16 12:17:48',1,'LA ESPERANZA',66),(684,'','2020-07-16 12:17:48',1,'NINABAMBA',66),(685,'','2020-07-16 12:17:48',1,'PULAN',66),(686,'','2020-07-16 12:17:48',1,'SAUCEPAMPA',66),(687,'','2020-07-16 12:17:48',1,'SEXI',66),(688,'','2020-07-16 12:17:48',1,'UTICYACU',66),(689,'','2020-07-16 12:17:48',1,'YAUYUCAN',66),(690,'','2020-07-16 12:17:49',1,'CALLAO',67),(691,'','2020-07-16 12:17:49',1,'BELLAVISTA',67),(692,'','2020-07-16 12:17:49',1,'CARMEN DE LA LEGUA REYNOSO',67),(693,'','2020-07-16 12:17:49',1,'LA PERLA',67),(694,'','2020-07-16 12:17:49',1,'LA PUNTA',67),(695,'','2020-07-16 12:17:49',1,'VENTANILLA',67),(696,'','2020-07-16 12:17:49',1,'MI PERU',67),(697,'','2020-07-16 12:17:49',1,'CUSCO',68),(698,'','2020-07-16 12:17:49',1,'CCORCA',68),(699,'','2020-07-16 12:17:50',1,'POROY',68),(700,'','2020-07-16 12:17:50',1,'SAN JERONIMO',68),(701,'','2020-07-16 12:17:50',1,'SAN SEBASTIAN',68),(702,'','2020-07-16 12:17:50',1,'SANTIAGO',68),(703,'','2020-07-16 12:17:50',1,'SAYLLA',68),(704,'','2020-07-16 12:17:50',1,'WANCHAQ',68),(705,'','2020-07-16 12:17:50',1,'ACOMAYO',69),(706,'','2020-07-16 12:17:50',1,'ACOPIA',69),(707,'','2020-07-16 12:17:50',1,'ACOS',69),(708,'','2020-07-16 12:17:50',1,'MOSOCLLACTA',69),(709,'','2020-07-16 12:17:51',1,'POMACANCHI',69),(710,'','2020-07-16 12:17:51',1,'RONDOCAN',69),(711,'','2020-07-16 12:17:51',1,'SANGARARA',69),(712,'','2020-07-16 12:17:51',1,'ANTA',70),(713,'','2020-07-16 12:17:51',1,'ANCAHUASI',70),(714,'','2020-07-16 12:17:51',1,'CACHIMAYO',70),(715,'','2020-07-16 12:17:51',1,'CHINCHAYPUJIO',70),(716,'','2020-07-16 12:17:51',1,'HUAROCONDO',70),(717,'','2020-07-16 12:17:52',1,'LIMATAMBO',70),(718,'','2020-07-16 12:17:52',1,'MOLLEPATA',70),(719,'','2020-07-16 12:17:52',1,'PUCYURA',70),(720,'','2020-07-16 12:17:52',1,'ZURITE',70),(721,'','2020-07-16 12:17:52',1,'CALCA',71),(722,'','2020-07-16 12:17:52',1,'COYA',71),(723,'','2020-07-16 12:17:52',1,'LAMAY',71),(724,'','2020-07-16 12:17:52',1,'LARES',71),(725,'','2020-07-16 12:17:52',1,'PISAC',71),(726,'','2020-07-16 12:17:52',1,'SAN SALVADOR',71),(727,'','2020-07-16 12:17:53',1,'TARAY',71),(728,'','2020-07-16 12:17:53',1,'YANATILE',71),(729,'','2020-07-16 12:17:53',1,'YANAOCA',72),(730,'','2020-07-16 12:17:53',1,'CHECCA',72),(731,'','2020-07-16 12:17:53',1,'KUNTURKANKI',72),(732,'','2020-07-16 12:17:53',1,'LANGUI',72),(733,'','2020-07-16 12:17:53',1,'LAYO',72),(734,'','2020-07-16 12:17:53',1,'PAMPAMARCA',72),(735,'','2020-07-16 12:17:53',1,'QUEHUE',72),(736,'','2020-07-16 12:17:54',1,'TUPAC AMARU',72),(737,'','2020-07-16 12:17:54',1,'SICUANI',73),(738,'','2020-07-16 12:17:54',1,'CHECACUPE',73),(739,'','2020-07-16 12:17:54',1,'COMBAPATA',73),(740,'','2020-07-16 12:17:54',1,'MARANGANI',73),(741,'','2020-07-16 12:17:54',1,'PITUMARCA',73),(742,'','2020-07-16 12:17:54',1,'SAN PABLO',73),(743,'','2020-07-16 12:17:54',1,'SAN PEDRO',73),(744,'','2020-07-16 12:17:54',1,'TINTA',73),(745,'','2020-07-16 12:17:55',1,'SANTO TOMAS',74),(746,'','2020-07-16 12:17:55',1,'CAPACMARCA',74),(747,'','2020-07-16 12:17:55',1,'CHAMACA',74),(748,'','2020-07-16 12:17:55',1,'COLQUEMARCA',74),(749,'','2020-07-16 12:17:55',1,'LIVITACA',74),(750,'','2020-07-16 12:17:55',1,'LLUSCO',74),(751,'','2020-07-16 12:17:55',1,'QUIÑOTA',74),(752,'','2020-07-16 12:17:55',1,'VELILLE',74),(753,'','2020-07-16 12:17:55',1,'ESPINAR',75),(754,'','2020-07-16 12:17:56',1,'CONDOROMA',75),(755,'','2020-07-16 12:17:56',1,'COPORAQUE',75),(756,'','2020-07-16 12:17:56',1,'OCORURO',75),(757,'','2020-07-16 12:17:56',1,'PALLPATA',75),(758,'','2020-07-16 12:17:56',1,'PICHIGUA',75),(759,'','2020-07-16 12:17:56',1,'SUYCKUTAMBO',75),(760,'','2020-07-16 12:17:56',1,'ALTO PICHIGUA',75),(761,'','2020-07-16 12:17:56',1,'SANTA ANA',76),(762,'','2020-07-16 12:17:56',1,'ECHARATE',76),(763,'','2020-07-16 12:17:57',1,'HUAYOPATA',76),(764,'','2020-07-16 12:17:57',1,'MARANURA',76),(765,'','2020-07-16 12:17:57',1,'OCOBAMBA',76),(766,'','2020-07-16 12:17:57',1,'QUELLOUNO',76),(767,'','2020-07-16 12:17:57',1,'KIMBIRI',76),(768,'','2020-07-16 12:17:57',1,'SANTA TERESA',76),(769,'','2020-07-16 12:17:57',1,'VILCABAMBA',76),(770,'','2020-07-16 12:17:57',1,'PICHARI',76),(771,'','2020-07-16 12:17:57',1,'INKAWASI',76),(772,'','2020-07-16 12:17:58',1,'VILLA VIRGEN',76),(773,'','2020-07-16 12:17:58',1,'VILLA KINTIARINA',76),(774,'','2020-07-16 12:17:58',1,'MEGANTONI',76),(775,'','2020-07-16 12:17:58',1,'PARURO',77),(776,'','2020-07-16 12:17:58',1,'ACCHA',77),(777,'','2020-07-16 12:17:58',1,'CCAPI',77),(778,'','2020-07-16 12:17:58',1,'COLCHA',77),(779,'','2020-07-16 12:17:58',1,'HUANOQUITE',77),(780,'','2020-07-16 12:17:58',1,'OMACHA',77),(781,'','2020-07-16 12:17:59',1,'PACCARITAMBO',77),(782,'','2020-07-16 12:17:59',1,'PILLPINTO',77),(783,'','2020-07-16 12:17:59',1,'YAURISQUE',77),(784,'','2020-07-16 12:17:59',1,'PAUCARTAMBO',78),(785,'','2020-07-16 12:17:59',1,'CAICAY',78),(786,'','2020-07-16 12:17:59',1,'CHALLABAMBA',78),(787,'','2020-07-16 12:17:59',1,'COLQUEPATA',78),(788,'','2020-07-16 12:17:59',1,'HUANCARANI',78),(789,'','2020-07-16 12:17:59',1,'KOSÑIPATA',78),(790,'','2020-07-16 12:18:00',1,'URCOS',79),(791,'','2020-07-16 12:18:00',1,'ANDAHUAYLILLAS',79),(792,'','2020-07-16 12:18:00',1,'CAMANTI',79),(793,'','2020-07-16 12:18:00',1,'CCARHUAYO',79),(794,'','2020-07-16 12:18:00',1,'CCATCA',79),(795,'','2020-07-16 12:18:00',1,'CUSIPATA',79),(796,'','2020-07-16 12:18:00',1,'HUARO',79),(797,'','2020-07-16 12:18:00',1,'LUCRE',79),(798,'','2020-07-16 12:18:00',1,'MARCAPATA',79),(799,'','2020-07-16 12:18:01',1,'OCONGATE',79),(800,'','2020-07-16 12:18:01',1,'OROPESA',79),(801,'','2020-07-16 12:18:01',1,'QUIQUIJANA',79),(802,'','2020-07-16 12:18:01',1,'URUBAMBA',80),(803,'','2020-07-16 12:18:01',1,'CHINCHERO',80),(804,'','2020-07-16 12:18:01',1,'HUAYLLABAMBA',80),(805,'','2020-07-16 12:18:01',1,'MACHUPICCHU',80),(806,'','2020-07-16 12:18:01',1,'MARAS',80),(807,'','2020-07-16 12:18:01',1,'OLLANTAYTAMBO',80),(808,'','2020-07-16 12:18:02',1,'YUCAY',80),(809,'','2020-07-16 12:18:02',1,'HUANCAVELICA',81),(810,'','2020-07-16 12:18:02',1,'ACOBAMBILLA',81),(811,'','2020-07-16 12:18:02',1,'ACORIA',81),(812,'','2020-07-16 12:18:02',1,'CONAYCA',81),(813,'','2020-07-16 12:18:02',1,'CUENCA',81),(814,'','2020-07-16 12:18:02',1,'HUACHOCOLPA',81),(815,'','2020-07-16 12:18:02',1,'HUAYLLAHUARA',81),(816,'','2020-07-16 12:18:02',1,'IZCUCHACA',81),(817,'','2020-07-16 12:18:03',1,'LARIA',81),(818,'','2020-07-16 12:18:03',1,'MANTA',81),(819,'','2020-07-16 12:18:03',1,'MARIS CALCACERES',81),(820,'','2020-07-16 12:18:03',1,'MOYA',81),(821,'','2020-07-16 12:18:03',1,'NUEVO OCCORO',81),(822,'','2020-07-16 12:18:03',1,'PALCA',81),(823,'','2020-07-16 12:18:03',1,'PILCHACA',81),(824,'','2020-07-16 12:18:03',1,'VILCA',81),(825,'','2020-07-16 12:18:03',1,'YAULI',81),(826,'','2020-07-16 12:18:03',1,'ASCENSION',81),(827,'','2020-07-16 12:18:04',1,'HUANDO',81),(828,'','2020-07-16 12:18:04',1,'ACOBAMBA',82),(829,'','2020-07-16 12:18:04',1,'ANDABAMBA',82),(830,'','2020-07-16 12:18:04',1,'ANTA',82),(831,'','2020-07-16 12:18:04',1,'CAJA',82),(832,'','2020-07-16 12:18:04',1,'MARCAS',82),(833,'','2020-07-16 12:18:04',1,'PAUCARA',82),(834,'','2020-07-16 12:18:04',1,'POMACOCHA',82),(835,'','2020-07-16 12:18:05',1,'ROSARIO',82),(836,'','2020-07-16 12:18:05',1,'LIRCAY',83),(837,'','2020-07-16 12:18:05',1,'ANCHONGA',83),(838,'','2020-07-16 12:18:05',1,'CALLANMARCA',83),(839,'','2020-07-16 12:18:05',1,'CCOCHACCASA',83),(840,'','2020-07-16 12:18:05',1,'CHINCHO',83),(841,'','2020-07-16 12:18:05',1,'CONGALLA',83),(842,'','2020-07-16 12:18:05',1,'HUANCA-HUANCA',83),(843,'','2020-07-16 12:18:05',1,'HUAYLLAYGRANDE',83),(844,'','2020-07-16 12:18:06',1,'JULCAMARCA',83),(845,'','2020-07-16 12:18:06',1,'SAN ANTONIO DE ANTAPARCO',83),(846,'','2020-07-16 12:18:06',1,'SANTO TOMAS DE PATA',83),(847,'','2020-07-16 12:18:06',1,'SECCLLA',83),(848,'','2020-07-16 12:18:06',1,'CASTRO VIRREYNA',84),(849,'','2020-07-16 12:18:06',1,'ARMA',84),(850,'','2020-07-16 12:18:06',1,'AURAHUA',84),(851,'','2020-07-16 12:18:06',1,'CAPILLAS',84),(852,'','2020-07-16 12:18:07',1,'CHUPAMARCA',84),(853,'','2020-07-16 12:18:07',1,'COCAS',84),(854,'','2020-07-16 12:18:07',1,'HUACHOS',84),(855,'','2020-07-16 12:18:07',1,'HUAMATAMBO',84),(856,'','2020-07-16 12:18:07',1,'MOLLEPAMPA',84),(857,'','2020-07-16 12:18:07',1,'SANJUAN',84),(858,'','2020-07-16 12:18:07',1,'SANTAANA',84),(859,'','2020-07-16 12:18:07',1,'TANTARA',84),(860,'','2020-07-16 12:18:07',1,'TICRAPO',84),(861,'','2020-07-16 12:18:08',1,'CHURCAMPA',85),(862,'','2020-07-16 12:18:08',1,'ANCO',85),(863,'','2020-07-16 12:18:08',1,'CHINCHIHUASI',85),(864,'','2020-07-16 12:18:08',1,'ELCARMEN',85),(865,'','2020-07-16 12:18:08',1,'LAMERCED',85),(866,'','2020-07-16 12:18:08',1,'LOCROJA',85),(867,'','2020-07-16 12:18:08',1,'PAUCARBAMBA',85),(868,'','2020-07-16 12:18:08',1,'SAN MIGUEL DE MAYOCC',85),(869,'','2020-07-16 12:18:08',1,'SAN PEDRO DE CORIS',85),(870,'','2020-07-16 12:18:09',1,'PACHAMARCA',85),(871,'','2020-07-16 12:18:09',1,'COSME',85),(872,'','2020-07-16 12:18:09',1,'HUAYTARA',86),(873,'','2020-07-16 12:18:09',1,'AYAVI',86),(874,'','2020-07-16 12:18:09',1,'CORDOVA',86),(875,'','2020-07-16 12:18:09',1,'HUAYACUNDO ARMA',86),(876,'','2020-07-16 12:18:09',1,'LARAMARCA',86),(877,'','2020-07-16 12:18:09',1,'OCOYO',86),(878,'','2020-07-16 12:18:09',1,'PILPICHACA',86),(879,'','2020-07-16 12:18:09',1,'QUERCO',86),(880,'','2020-07-16 12:18:10',1,'QUITO-ARMA',86),(881,'','2020-07-16 12:18:10',1,'SAN ANTONIO DE CUSICANCHA',86),(882,'','2020-07-16 12:18:10',1,'SAN FRANCISCO DE SANGAYAICO',86),(883,'','2020-07-16 12:18:10',1,'SAN ISIDRO',86),(884,'','2020-07-16 12:18:10',1,'SANTIAGO DE CHOCORVOS',86),(885,'','2020-07-16 12:18:10',1,'SANTIAGO DE QUIRAHUARA',86),(886,'','2020-07-16 12:18:10',1,'SANTO DOMINGO DE CAPILLAS',86),(887,'','2020-07-16 12:18:10',1,'TAMBO',86),(888,'','2020-07-16 12:18:10',1,'PAMPAS',87),(889,'','2020-07-16 12:18:11',1,'ACOSTAMBO',87),(890,'','2020-07-16 12:18:11',1,'ACRAQUIA',87),(891,'','2020-07-16 12:18:11',1,'AHUAYCHA',87),(892,'','2020-07-16 12:18:11',1,'COLCABAMBA',87),(893,'','2020-07-16 12:18:11',1,'DANIEL HERNANDEZ',87),(894,'','2020-07-16 12:18:11',1,'HUACHOCOLPA',87),(895,'','2020-07-16 12:18:11',1,'HUARIBAMBA',87),(896,'','2020-07-16 12:18:11',1,'ÑAHUIMPUQUIO',87),(897,'','2020-07-16 12:18:11',1,'PAZOS',87),(898,'','2020-07-16 12:18:12',1,'QUISHUAR',87),(899,'','2020-07-16 12:18:12',1,'SALCABAMBA',87),(900,'','2020-07-16 12:18:12',1,'SALCAHUASI',87),(901,'','2020-07-16 12:18:12',1,'SAN MARCOS DE ROCCHAC',87),(902,'','2020-07-16 12:18:12',1,'SURCUBAMBA',87),(903,'','2020-07-16 12:18:12',1,'TINTAYPUNCU',87),(904,'','2020-07-16 12:18:12',1,'QUICHUAS',87),(905,'','2020-07-16 12:18:12',1,'ANDAYMARCA',87),(906,'','2020-07-16 12:18:12',1,'ROBLE',87),(907,'','2020-07-16 12:18:13',1,'PICHOS',87),(908,'','2020-07-16 12:18:13',1,'SANTIAGO DE TUCUMA',87),(909,'','2020-07-16 12:18:13',1,'HUANUCO',88),(910,'','2020-07-16 12:18:13',1,'AMARILIS',88),(911,'','2020-07-16 12:18:13',1,'CHINCHAO',88),(912,'','2020-07-16 12:18:13',1,'CHURUBAMBA',88),(913,'','2020-07-16 12:18:13',1,'MARGOS',88),(914,'','2020-07-16 12:18:13',1,'QUISQUI(KICHKI)',88),(915,'','2020-07-16 12:18:13',1,'SAN FRANCISCO DE CAYRAN',88),(916,'','2020-07-16 12:18:14',1,'SAN PEDRO DE CHAULAN',88),(917,'','2020-07-16 12:18:14',1,'SANTA MARIA DEL VALLE',88),(918,'','2020-07-16 12:18:14',1,'YARUMAYO',88),(919,'','2020-07-16 12:18:14',1,'PILLCOMARCA',88),(920,'','2020-07-16 12:18:14',1,'YACUS',88),(921,'','2020-07-16 12:18:14',1,'SAN PABLO DE PILLAO',88),(922,'','2020-07-16 12:18:14',1,'AMBO',89),(923,'','2020-07-16 12:18:14',1,'CAYNA',89),(924,'','2020-07-16 12:18:14',1,'COLPAS',89),(925,'','2020-07-16 12:18:15',1,'CONCHAMARCA',89),(926,'','2020-07-16 12:18:15',1,'HUACAR',89),(927,'','2020-07-16 12:18:15',1,'SAN FRANCISCO',89),(928,'','2020-07-16 12:18:15',1,'SAN RAFAEL',89),(929,'','2020-07-16 12:18:15',1,'TOMAYKICHWA',89),(930,'','2020-07-16 12:18:15',1,'LAUNION',90),(931,'','2020-07-16 12:18:15',1,'CHUQUIS',90),(932,'','2020-07-16 12:18:15',1,'MARIAS',90),(933,'','2020-07-16 12:18:15',1,'PACHAS',90),(934,'','2020-07-16 12:18:16',1,'QUIVILLA',90),(935,'','2020-07-16 12:18:16',1,'RIPAN',90),(936,'','2020-07-16 12:18:16',1,'SHUNQUI',90),(937,'','2020-07-16 12:18:16',1,'SILLAPATA',90),(938,'','2020-07-16 12:18:16',1,'YANAS',90),(939,'','2020-07-16 12:18:16',1,'HUACAYBAMBA',91),(940,'','2020-07-16 12:18:16',1,'CANCHABAMBA',91),(941,'','2020-07-16 12:18:16',1,'COCHABAMBA',91),(942,'','2020-07-16 12:18:16',1,'PINRA',91),(943,'','2020-07-16 12:18:17',1,'LLATA',92),(944,'','2020-07-16 12:18:17',1,'ARANCAY',92),(945,'','2020-07-16 12:18:17',1,'CHAVIN DE PARIARCA',92),(946,'','2020-07-16 12:18:17',1,'JACAS GRANDE',92),(947,'','2020-07-16 12:18:17',1,'JIRCAN',92),(948,'','2020-07-16 12:18:17',1,'MIRAFLORES',92),(949,'','2020-07-16 12:18:17',1,'MONZON',92),(950,'','2020-07-16 12:18:17',1,'PUNCHAO',92),(951,'','2020-07-16 12:18:17',1,'PUÑOS',92),(952,'','2020-07-16 12:18:18',1,'SINGA',92),(953,'','2020-07-16 12:18:18',1,'TANTAMAYO',92),(954,'','2020-07-16 12:18:18',1,'RUPA-RUPA',93),(955,'','2020-07-16 12:18:18',1,'DANIEL ALOMIA ROBLES',93),(956,'','2020-07-16 12:18:18',1,'HERMILIO VALDIZAN',93),(957,'','2020-07-16 12:18:18',1,'JOSE CRESPO Y CASTILLO',93),(958,'','2020-07-16 12:18:18',1,'LUYANDO',93),(959,'','2020-07-16 12:18:18',1,'MARIANO DAMAS OBERAUN',93),(960,'','2020-07-16 12:18:18',1,'PUCAYACU',93),(961,'','2020-07-16 12:18:18',1,'CASTILLO GRANDE',93),(962,'','2020-07-16 12:18:19',1,'PUEBLO NUEVO',93),(963,'','2020-07-16 12:18:19',1,'SANTO DOMINGO DE ANDA',93),(964,'','2020-07-16 12:18:19',1,'HUACRACHUCO',94),(965,'','2020-07-16 12:18:19',1,'CHOLON',94),(966,'','2020-07-16 12:18:19',1,'SAN BUENAVENTURA',94),(967,'','2020-07-16 12:18:19',1,'LAMORADA',94),(968,'','2020-07-16 12:18:19',1,'SANTA ROSA DE ALTO YANAJANCA',94),(969,'','2020-07-16 12:18:19',1,'PANAO',95),(970,'','2020-07-16 12:18:19',1,'CHAGLLA',95),(971,'','2020-07-16 12:18:20',1,'MOLINO',95),(972,'','2020-07-16 12:18:20',1,'UMARI',95),(973,'','2020-07-16 12:18:20',1,'PUERTO INCA',96),(974,'','2020-07-16 12:18:20',1,'CODO DEL POZUZO',96),(975,'','2020-07-16 12:18:20',1,'HONORIA',96),(976,'','2020-07-16 12:18:20',1,'TOURNAVISTA',96),(977,'','2020-07-16 12:18:20',1,'YUYAPICHIS',96),(978,'','2020-07-16 12:18:20',1,'JESUS',97),(979,'','2020-07-16 12:18:20',1,'BAÑOS',97),(980,'','2020-07-16 12:18:21',1,'JIVIA',97),(981,'','2020-07-16 12:18:21',1,'QUEROPALCA',97),(982,'','2020-07-16 12:18:21',1,'RONDOS',97),(983,'','2020-07-16 12:18:21',1,'SAN FRANCISCO DE ASIS',97),(984,'','2020-07-16 12:18:21',1,'SAN MIGUEL DE CAURI',97),(985,'','2020-07-16 12:18:21',1,'CHAVINILLO',98),(986,'','2020-07-16 12:18:21',1,'CAHUAC',98),(987,'','2020-07-16 12:18:21',1,'CHACABAMBA',98),(988,'','2020-07-16 12:18:21',1,'APARICIO POMARES',98),(989,'','2020-07-16 12:18:22',1,'JACASCHICO',98),(990,'','2020-07-16 12:18:22',1,'OBAS',98),(991,'','2020-07-16 12:18:22',1,'PAMPAMARCA',98),(992,'','2020-07-16 12:18:22',1,'CHORAS',98),(993,'','2020-07-16 12:18:22',1,'ICA',99),(994,'','2020-07-16 12:18:22',1,'LA TINGUIÑA',99),(995,'','2020-07-16 12:18:22',1,'LOS AQUIJES',99),(996,'','2020-07-16 12:18:22',1,'OCUCAJE',99),(997,'','2020-07-16 12:18:22',1,'PACHACUTEC',99),(998,'','2020-07-16 12:18:23',1,'PARCONA',99),(999,'','2020-07-16 12:18:23',1,'PUEBLO NUEVO',99),(1000,'','2020-07-16 12:18:23',1,'SALAS',99),(1001,'','2020-07-16 12:18:23',1,'SAN JOSE DE LOS MOLINOS',99),(1002,'','2020-07-16 12:18:23',1,'SAN JUAN BAUTISTA',99),(1003,'','2020-07-16 12:18:23',1,'SANTIAGO',99),(1004,'','2020-07-16 12:18:23',1,'SUBTANJALLA',99),(1005,'','2020-07-16 12:18:23',1,'TATE',99),(1006,'','2020-07-16 12:18:23',1,'YAUCA DEL ROSARIO',99),(1007,'','2020-07-16 12:18:24',1,'CHINCHA ALTA',100),(1008,'','2020-07-16 12:18:24',1,'ALTO LARAN',100),(1009,'','2020-07-16 12:18:24',1,'CHAVIN',100),(1010,'','2020-07-16 12:18:24',1,'CHINCHA BAJA',100),(1011,'','2020-07-16 12:18:24',1,'EL CARMEN',100),(1012,'','2020-07-16 12:18:25',1,'GROCIO PRADO',100),(1013,'','2020-07-16 12:18:25',1,'PUEBLO NUEVO',100),(1014,'','2020-07-16 12:18:25',1,'SAN JUAN DE YANAC',100),(1015,'','2020-07-16 12:18:26',1,'SAN PEDRO DE HUACARPANA',100),(1016,'','2020-07-16 12:18:26',1,'SUNAMPE',100),(1017,'','2020-07-16 12:18:26',1,'TAMBO DE MORA',100),(1018,'','2020-07-16 12:18:27',1,'NASCA',101),(1019,'','2020-07-16 12:18:27',1,'CHANGUILLO',101),(1020,'','2020-07-16 12:18:27',1,'EL INGENIO',101),(1021,'','2020-07-16 12:18:27',1,'MARCONA',101),(1022,'','2020-07-16 12:18:27',1,'VISTA ALEGRE',101),(1023,'','2020-07-16 12:18:27',1,'PALPA',102),(1024,'','2020-07-16 12:18:27',1,'LLIPATA',102),(1025,'','2020-07-16 12:18:27',1,'RIO GRANDE',102),(1026,'','2020-07-16 12:18:28',1,'SANTA CRUZ',102),(1027,'','2020-07-16 12:18:28',1,'TIBILLO',102),(1028,'','2020-07-16 12:18:28',1,'PISCO',103),(1029,'','2020-07-16 12:18:28',1,'HUANCANO',103),(1030,'','2020-07-16 12:18:28',1,'HUMAY',103),(1031,'','2020-07-16 12:18:28',1,'INDEPENDENCIA',103),(1032,'','2020-07-16 12:18:28',1,'PARACAS',103),(1033,'','2020-07-16 12:18:28',1,'SAN ANDRES',103),(1034,'','2020-07-16 12:18:28',1,'SAN CLEMENTE',103),(1035,'','2020-07-16 12:18:29',1,'TUPAC AMARU INCA',103),(1036,'','2020-07-16 12:18:29',1,'HUANCAYO',104),(1037,'','2020-07-16 12:18:29',1,'CARHUACALLANGA',104),(1038,'','2020-07-16 12:18:29',1,'CHACAPAMPA',104),(1039,'','2020-07-16 12:18:29',1,'CHICCHE',104),(1040,'','2020-07-16 12:18:29',1,'CHILCA',104),(1041,'','2020-07-16 12:18:29',1,'CHONGOS ALTO',104),(1042,'','2020-07-16 12:18:29',1,'CHUPURO',104),(1043,'','2020-07-16 12:18:29',1,'COLCA',104),(1044,'','2020-07-16 12:18:30',1,'CULLHUAS',104),(1045,'','2020-07-16 12:18:30',1,'EL TAMBO',104),(1046,'','2020-07-16 12:18:30',1,'HUACRAPUQUIO',104),(1047,'','2020-07-16 12:18:30',1,'HUALHUAS',104),(1048,'','2020-07-16 12:18:30',1,'HUANCAN',104),(1049,'','2020-07-16 12:18:30',1,'HUASICANCHA',104),(1050,'','2020-07-16 12:18:30',1,'HUAYUCACHI',104),(1051,'','2020-07-16 12:18:30',1,'INGENIO',104),(1052,'','2020-07-16 12:18:30',1,'PARIAHUANCA',104),(1053,'','2020-07-16 12:18:31',1,'PILCOMAYO',104),(1054,'','2020-07-16 12:18:31',1,'PUCARA',104),(1055,'','2020-07-16 12:18:31',1,'QUICHUAY',104),(1056,'','2020-07-16 12:18:31',1,'QUILCAS',104),(1057,'','2020-07-16 12:18:31',1,'SAN AGUSTIN',104),(1058,'','2020-07-16 12:18:31',1,'SAN JERONIMO DE TUNAN',104),(1059,'','2020-07-16 12:18:31',1,'SAÑO',104),(1060,'','2020-07-16 12:18:31',1,'SAPALLANGA',104),(1061,'','2020-07-16 12:18:31',1,'SICAYA',104),(1062,'','2020-07-16 12:18:32',1,'SANTO DOMINGO DE ACOBAMBA',104),(1063,'','2020-07-16 12:18:32',1,'VIQUES',104),(1064,'','2020-07-16 12:18:32',1,'CONCEPCION',105),(1065,'','2020-07-16 12:18:32',1,'ACO',105),(1066,'','2020-07-16 12:18:32',1,'ANDAMARCA',105),(1067,'','2020-07-16 12:18:32',1,'CHAMBARA',105),(1068,'','2020-07-16 12:18:32',1,'COCHAS',105),(1069,'','2020-07-16 12:18:33',1,'COMAS',105),(1070,'','2020-07-16 12:18:33',1,'HEROINAS TOLEDO',105),(1071,'','2020-07-16 12:18:33',1,'MANZANARES',105),(1072,'','2020-07-16 12:18:33',1,'MARISCAL CASTILLA',105),(1073,'','2020-07-16 12:18:33',1,'MATAHUASI',105),(1074,'','2020-07-16 12:18:33',1,'MITO',105),(1075,'','2020-07-16 12:18:33',1,'NUEVE DE JULIO',105),(1076,'','2020-07-16 12:18:33',1,'ORCOTUNA',105),(1077,'','2020-07-16 12:18:33',1,'SAN JOSE DE QUERO',105),(1078,'','2020-07-16 12:18:34',1,'SANTA ROSA DE OCOPA',105),(1079,'','2020-07-16 12:18:34',1,'CHANCHAMAYO',106),(1080,'','2020-07-16 12:18:34',1,'PERENE',106),(1081,'','2020-07-16 12:18:34',1,'PICHANAQUI',106),(1082,'','2020-07-16 12:18:34',1,'SAN LUIS DE SHUARO',106),(1083,'','2020-07-16 12:18:34',1,'SAN RAMON',106),(1084,'','2020-07-16 12:18:34',1,'VITOC',106),(1085,'','2020-07-16 12:18:34',1,'JAUJA',107),(1086,'','2020-07-16 12:18:34',1,'ACOLLA',107),(1087,'','2020-07-16 12:18:35',1,'APATA',107),(1088,'','2020-07-16 12:18:35',1,'ATAURA',107),(1089,'','2020-07-16 12:18:35',1,'CANCHAYLLO',107),(1090,'','2020-07-16 12:18:35',1,'CURICACA',107),(1091,'','2020-07-16 12:18:35',1,'EL MANTARO',107),(1092,'','2020-07-16 12:18:35',1,'HUAMALI',107),(1093,'','2020-07-16 12:18:35',1,'HUARIPAMPA',107),(1094,'','2020-07-16 12:18:35',1,'HUERTAS',107),(1095,'','2020-07-16 12:18:35',1,'JANJAILLO',107),(1096,'','2020-07-16 12:18:36',1,'JULCAN',107),(1097,'','2020-07-16 12:18:36',1,'LEONOR ORDOÑEZ',107),(1098,'','2020-07-16 12:18:36',1,'LLOCLLAPAMPA',107),(1099,'','2020-07-16 12:18:36',1,'MARCO',107),(1100,'','2020-07-16 12:18:36',1,'MASMA',107),(1101,'','2020-07-16 12:18:36',1,'MASMACHICCHE',107),(1102,'','2020-07-16 12:18:36',1,'MOLINOS',107),(1103,'','2020-07-16 12:18:36',1,'MONOBAMBA',107),(1104,'','2020-07-16 12:18:36',1,'MUQUI',107),(1105,'','2020-07-16 12:18:37',1,'MUQUIYAUYO',107),(1106,'','2020-07-16 12:18:37',1,'PACA',107),(1107,'','2020-07-16 12:18:37',1,'PACCHA',107),(1108,'','2020-07-16 12:18:37',1,'PANCAN',107),(1109,'','2020-07-16 12:18:37',1,'PARCO',107),(1110,'','2020-07-16 12:18:37',1,'POMACANCHA',107),(1111,'','2020-07-16 12:18:37',1,'RICRAN',107),(1112,'','2020-07-16 12:18:37',1,'SAN LORENZO',107),(1113,'','2020-07-16 12:18:37',1,'SAN PEDRO DE CHUNAN',107),(1114,'','2020-07-16 12:18:38',1,'SAUSA',107),(1115,'','2020-07-16 12:18:38',1,'SINCOS',107),(1116,'','2020-07-16 12:18:38',1,'TUNANMARCA',107),(1117,'','2020-07-16 12:18:38',1,'YAULI',107),(1118,'','2020-07-16 12:18:38',1,'YAUYOS',107),(1119,'','2020-07-16 12:18:38',1,'JUNIN',108),(1120,'','2020-07-16 12:18:38',1,'CARHUAMAYO',108),(1121,'','2020-07-16 12:18:38',1,'ONDORES',108),(1122,'','2020-07-16 12:18:38',1,'ULCUMAYO',108),(1123,'','2020-07-16 12:18:39',1,'SATIPO',109),(1124,'','2020-07-16 12:18:39',1,'COVIRIALI',109),(1125,'','2020-07-16 12:18:39',1,'LLAYLLA',109),(1126,'','2020-07-16 12:18:39',1,'MAZAMARI',109),(1127,'','2020-07-16 12:18:39',1,'PAMPA HERMOSA',109),(1128,'','2020-07-16 12:18:39',1,'PANGOA',109),(1129,'','2020-07-16 12:18:39',1,'RIO NEGRO',109),(1130,'','2020-07-16 12:18:39',1,'RIO TAMBO',109),(1131,'','2020-07-16 12:18:39',1,'VIZCATAN DEL ENE',109),(1132,'','2020-07-16 12:18:40',1,'TARMA',110),(1133,'','2020-07-16 12:18:40',1,'ACOBAMBA',110),(1134,'','2020-07-16 12:18:40',1,'HUARICOLCA',110),(1135,'','2020-07-16 12:18:40',1,'HUASAHUASI',110),(1136,'','2020-07-16 12:18:40',1,'LA UNION',110),(1137,'','2020-07-16 12:18:40',1,'PALCA',110),(1138,'','2020-07-16 12:18:40',1,'PALCAMAYO',110),(1139,'','2020-07-16 12:18:40',1,'SAN PEDRO DE CAJAS',110),(1140,'','2020-07-16 12:18:40',1,'TAPO',110),(1141,'','2020-07-16 12:18:41',1,'LA OROYA',111),(1142,'','2020-07-16 12:18:41',1,'CHACAPALPA',111),(1143,'','2020-07-16 12:18:41',1,'HUAY-HUAY',111),(1144,'','2020-07-16 12:18:41',1,'MARCAPOMACOCHA',111),(1145,'','2020-07-16 12:18:41',1,'MOROCOCHA',111),(1146,'','2020-07-16 12:18:41',1,'PACCHA',111),(1147,'','2020-07-16 12:18:41',1,'SANTA BARBARA DEC ARHUACAYAN',111),(1148,'','2020-07-16 12:18:41',1,'SANTA ROSA DE SACCO',111),(1149,'','2020-07-16 12:18:41',1,'SUITUCANCHA',111),(1150,'','2020-07-16 12:18:42',1,'YAULI',111),(1151,'','2020-07-16 12:18:42',1,'CHUPACA',112),(1152,'','2020-07-16 12:18:42',1,'AHUAC',112),(1153,'','2020-07-16 12:18:42',1,'CHONGOSBAJO',112),(1154,'','2020-07-16 12:18:42',1,'HUACHAC',112),(1155,'','2020-07-16 12:18:42',1,'HUAMANCACA CHICO',112),(1156,'','2020-07-16 12:18:42',1,'SAN JUAN DE ISCOS',112),(1157,'','2020-07-16 12:18:42',1,'SAN JUAN DE JARPA',112),(1158,'','2020-07-16 12:18:42',1,'TRES DE DICIEMBRE',112),(1159,'','2020-07-16 12:18:43',1,'YANACANCHA',112),(1160,'','2020-07-16 12:18:43',1,'TRUJILLO',113),(1161,'','2020-07-16 12:18:43',1,'EL PORVENIR',113),(1162,'','2020-07-16 12:18:43',1,'FLORENCIA DE MORA',113),(1163,'','2020-07-16 12:18:43',1,'HUANCHACO',113),(1164,'','2020-07-16 12:18:43',1,'LA ESPERANZA',113),(1165,'','2020-07-16 12:18:43',1,'LAREDO',113),(1166,'','2020-07-16 12:18:43',1,'MOCHE',113),(1167,'','2020-07-16 12:18:43',1,'POROTO',113),(1168,'','2020-07-16 12:18:44',1,'SALAVERRY',113),(1169,'','2020-07-16 12:18:44',1,'SIMBAL',113),(1170,'','2020-07-16 12:18:44',1,'VICTOR LARCO HERRERA',113),(1171,'','2020-07-16 12:18:44',1,'ASCOPE',114),(1172,'','2020-07-16 12:18:44',1,'CHICAMA',114),(1173,'','2020-07-16 12:18:44',1,'CHOCOPE',114),(1174,'','2020-07-16 12:18:44',1,'MAGDALENA DE CAO',114),(1175,'','2020-07-16 12:18:44',1,'PAIJAN',114),(1176,'','2020-07-16 12:18:44',1,'RAZURI',114),(1177,'','2020-07-16 12:18:44',1,'SANTIAGO DE CAO',114),(1178,'','2020-07-16 12:18:45',1,'CASA GRANDE',114),(1179,'','2020-07-16 12:18:45',1,'BOLIVAR',115),(1180,'','2020-07-16 12:18:45',1,'BAMBAMARCA',115),(1181,'','2020-07-16 12:18:45',1,'CONDORMARCA',115),(1182,'','2020-07-16 12:18:45',1,'LONGOTEA',115),(1183,'','2020-07-16 12:18:45',1,'UCHUMARCA',115),(1184,'','2020-07-16 12:18:45',1,'UCUNCHA',115),(1185,'','2020-07-16 12:18:45',1,'CHEPEN',116),(1186,'','2020-07-16 12:18:45',1,'PACANGA',116),(1187,'','2020-07-16 12:18:46',1,'PUEBLO NUEVO',116),(1188,'','2020-07-16 12:18:46',1,'JULCAN',117),(1189,'','2020-07-16 12:18:46',1,'CALAMARCA',117),(1190,'','2020-07-16 12:18:46',1,'CARABAMBA',117),(1191,'','2020-07-16 12:18:46',1,'HUASO',117),(1192,'','2020-07-16 12:18:46',1,'OTUZCO',118),(1193,'','2020-07-16 12:18:46',1,'AGALLPAMPA',118),(1194,'','2020-07-16 12:18:46',1,'CHARAT',118),(1195,'','2020-07-16 12:18:46',1,'HUARANCHAL',118),(1196,'','2020-07-16 12:18:47',1,'LACUESTA',118),(1197,'','2020-07-16 12:18:47',1,'MACHE',118),(1198,'','2020-07-16 12:18:47',1,'PARANDAY',118),(1199,'','2020-07-16 12:18:47',1,'SALPO',118),(1200,'','2020-07-16 12:18:47',1,'SINSICAP',118),(1201,'','2020-07-16 12:18:47',1,'USQUIL',118),(1202,'','2020-07-16 12:18:47',1,'SAN PEDRO DE LLOC',119),(1203,'','2020-07-16 12:18:47',1,'GUADALUPE',119),(1204,'','2020-07-16 12:18:48',1,'JEQUETEPEQUE',119),(1205,'','2020-07-16 12:18:48',1,'PACASMAYO',119),(1206,'','2020-07-16 12:18:48',1,'SAN JOSE',119),(1207,'','2020-07-16 12:18:48',1,'TAYABAMBA',120),(1208,'','2020-07-16 12:18:48',1,'BULDIBUYO',120),(1209,'','2020-07-16 12:18:48',1,'CHILLIA',120),(1210,'','2020-07-16 12:18:48',1,'HUANCASPATA',120),(1211,'','2020-07-16 12:18:48',1,'HUAYLILLAS',120),(1212,'','2020-07-16 12:18:48',1,'HUAYO',120),(1213,'','2020-07-16 12:18:49',1,'ONGON',120),(1214,'','2020-07-16 12:18:49',1,'PARCOY',120),(1215,'','2020-07-16 12:18:49',1,'PATAZ',120),(1216,'','2020-07-16 12:18:49',1,'PIAS',120),(1217,'','2020-07-16 12:18:49',1,'SANTIAGO DE CHALLAS',120),(1218,'','2020-07-16 12:18:49',1,'TAURIJA',120),(1219,'','2020-07-16 12:18:49',1,'URPAY',120),(1220,'','2020-07-16 12:18:49',1,'HUAMACHUCO',121),(1221,'','2020-07-16 12:18:49',1,'CHUGAY',121),(1222,'','2020-07-16 12:18:50',1,'COCHORCO',121),(1223,'','2020-07-16 12:18:50',1,'CURGOS',121),(1224,'','2020-07-16 12:18:50',1,'MARCABAL',121),(1225,'','2020-07-16 12:18:50',1,'SAN AGORAN',121),(1226,'','2020-07-16 12:18:50',1,'SARIN',121),(1227,'','2020-07-16 12:18:50',1,'SARTIMBAMBA',121),(1228,'','2020-07-16 12:18:50',1,'SANTIAGO DE CHUCO',122),(1229,'','2020-07-16 12:18:50',1,'ANGASMARCA',122),(1230,'','2020-07-16 12:18:50',1,'CACHICADAN',122),(1231,'','2020-07-16 12:18:51',1,'MOLLEBAMBA',122),(1232,'','2020-07-16 12:18:51',1,'MOLLEPATA',122),(1233,'','2020-07-16 12:18:51',1,'QUIRUVILCA',122),(1234,'','2020-07-16 12:18:51',1,'SANTA CRUZ DE CHUCA',122),(1235,'','2020-07-16 12:18:51',1,'SITABAMBA',122),(1236,'','2020-07-16 12:18:51',1,'CASCAS',123),(1237,'','2020-07-16 12:18:51',1,'LUCMA',123),(1238,'','2020-07-16 12:18:51',1,'MARMOT',123),(1239,'','2020-07-16 12:18:51',1,'SAYAPULLO',123),(1240,'','2020-07-16 12:18:52',1,'VIRU',124),(1241,'','2020-07-16 12:18:52',1,'CHAO',124),(1242,'','2020-07-16 12:18:52',1,'GUADALUPITO',124),(1243,'','2020-07-16 12:18:52',1,'CHICLAYO',125),(1244,'','2020-07-16 12:18:52',1,'CHONGOYAPE',125),(1245,'','2020-07-16 12:18:52',1,'ETEN',125),(1246,'','2020-07-16 12:18:52',1,'ETEN PUERTO',125),(1247,'','2020-07-16 12:18:52',1,'JOSE LEONARDO ORTIZ',125),(1248,'','2020-07-16 12:18:52',1,'LA VICTORIA',125),(1249,'','2020-07-16 12:18:53',1,'LAGUNAS',125),(1250,'','2020-07-16 12:18:53',1,'MONSEFU',125),(1251,'','2020-07-16 12:18:53',1,'NUEVA ARICA',125),(1252,'','2020-07-16 12:18:53',1,'OYOTUN',125),(1253,'','2020-07-16 12:18:53',1,'PICSI',125),(1254,'','2020-07-16 12:18:53',1,'PIMENTEL',125),(1255,'','2020-07-16 12:18:53',1,'REQUE',125),(1256,'','2020-07-16 12:18:53',1,'SANTA ROSA',125),(1257,'','2020-07-16 12:18:53',1,'SAÑA',125),(1258,'','2020-07-16 12:18:54',1,'CAYALTI',125),(1259,'','2020-07-16 12:18:54',1,'PATAPO',125),(1260,'','2020-07-16 12:18:54',1,'POMALCA',125),(1261,'','2020-07-16 12:18:54',1,'PUCALA',125),(1262,'','2020-07-16 12:18:54',1,'TUMAN',125),(1263,'','2020-07-16 12:18:54',1,'FERREÑAFE',126),(1264,'','2020-07-16 12:18:54',1,'CAÑARIS',126),(1265,'','2020-07-16 12:18:54',1,'INCAHUASI',126),(1266,'','2020-07-16 12:18:54',1,'MANUEL ANTONIO MESONESMURO',126),(1267,'','2020-07-16 12:18:55',1,'PITIPO',126),(1268,'','2020-07-16 12:18:55',1,'PUEBLO NUEVO',126),(1269,'','2020-07-16 12:18:55',1,'LAMBAYEQUE',127),(1270,'','2020-07-16 12:18:55',1,'CHOCHOPE',127),(1271,'','2020-07-16 12:18:55',1,'ILLIMO',127),(1272,'','2020-07-16 12:18:55',1,'JAYANCA',127),(1273,'','2020-07-16 12:18:55',1,'MOCHUMI',127),(1274,'','2020-07-16 12:18:55',1,'MORROPE',127),(1275,'','2020-07-16 12:18:55',1,'MOTUPE',127),(1276,'','2020-07-16 12:18:56',1,'OLMOS',127),(1277,'','2020-07-16 12:18:56',1,'PACORA',127),(1278,'','2020-07-16 12:18:56',1,'SALAS',127),(1279,'','2020-07-16 12:18:56',1,'SAN JOSE',127),(1280,'','2020-07-16 12:18:56',1,'TUCUME',127),(1281,'','2020-07-16 12:18:56',1,'LIMA',128),(1282,'','2020-07-16 12:18:56',1,'ANCON',128),(1283,'','2020-07-16 12:18:56',1,'ATE',128),(1284,'','2020-07-16 12:18:56',1,'BARRANCO',128),(1285,'','2020-07-16 12:18:57',1,'BREÑA',128),(1286,'','2020-07-16 12:18:57',1,'CARABAYLLO',128),(1287,'','2020-07-16 12:18:57',1,'CHACLACAYO',128),(1288,'','2020-07-16 12:18:57',1,'CHORRILLOS',128),(1289,'','2020-07-16 12:18:57',1,'CIENEGUILLA',128),(1290,'','2020-07-16 12:18:57',1,'COMAS',128),(1291,'','2020-07-16 12:18:57',1,'EL AGUSTINO',128),(1292,'','2020-07-16 12:18:57',1,'INDEPENDENCIA',128),(1293,'','2020-07-16 12:18:57',1,'JESUS MARIA',128),(1294,'','2020-07-16 12:18:58',1,'LA MOLINA',128),(1295,'','2020-07-16 12:18:58',1,'LA VICTORIA',128),(1296,'','2020-07-16 12:18:58',1,'LINCE',128),(1297,'','2020-07-16 12:18:58',1,'LOS OLIVOS',128),(1298,'','2020-07-16 12:18:58',1,'LURIGANCHO',128),(1299,'','2020-07-16 12:18:58',1,'LURIN',128),(1300,'','2020-07-16 12:18:58',1,'MAGDALENA DEL MAR',128),(1301,'','2020-07-16 12:18:58',1,'PUEBLO LIBRE',128),(1302,'','2020-07-16 12:18:58',1,'MIRAFLORES',128),(1303,'','2020-07-16 12:18:59',1,'PACHACAMAC',128),(1304,'','2020-07-16 12:18:59',1,'PUCUSANA',128),(1305,'','2020-07-16 12:18:59',1,'PUENTE PIEDRA',128),(1306,'','2020-07-16 12:18:59',1,'PUNTA HERMOSA',128),(1307,'','2020-07-16 12:18:59',1,'PUNTA NEGRA',128),(1308,'','2020-07-16 12:18:59',1,'RIMAC',128),(1309,'','2020-07-16 12:18:59',1,'SAN BARTOLO',128),(1310,'','2020-07-16 12:18:59',1,'SAN BORJA',128),(1311,'','2020-07-16 12:18:59',1,'SAN ISIDRO',128),(1312,'','2020-07-16 12:19:00',1,'SAN JUAN DE LURIGANCHO',128),(1313,'','2020-07-16 12:19:00',1,'SAN JUAN DE MIRAFLORES',128),(1314,'','2020-07-16 12:19:00',1,'SAN LUIS',128),(1315,'','2020-07-16 12:19:00',1,'SAN MARTIN DE PORRES',128),(1316,'','2020-07-16 12:19:00',1,'SAN MIGUEL',128),(1317,'','2020-07-16 12:19:00',1,'SANTA ANITA',128),(1318,'','2020-07-16 12:19:00',1,'SANTA MARIA DEL MAR',128),(1319,'','2020-07-16 12:19:00',1,'SANTA ROSA',128),(1320,'','2020-07-16 12:19:00',1,'SANTIAGO DE SURCO',128),(1321,'','2020-07-16 12:19:00',1,'SURQUILLO',128),(1322,'','2020-07-16 12:19:01',1,'VILLA EL SALVADOR',128),(1323,'','2020-07-16 12:19:01',1,'VILLA MARIA DEL TRIUNFO',128),(1324,'','2020-07-16 12:19:01',1,'BARRANCA',129),(1325,'','2020-07-16 12:19:01',1,'PARAMONGA',129),(1326,'','2020-07-16 12:19:01',1,'PATIVILCA',129),(1327,'','2020-07-16 12:19:01',1,'SUPE',129),(1328,'','2020-07-16 12:19:01',1,'SUPEPUERTO',129),(1329,'','2020-07-16 12:19:01',1,'CAJATAMBO',130),(1330,'','2020-07-16 12:19:01',1,'COPA',130),(1331,'','2020-07-16 12:19:02',1,'GORGOR',130),(1332,'','2020-07-16 12:19:02',1,'HUANCAPON',130),(1333,'','2020-07-16 12:19:02',1,'MANAS',130),(1334,'','2020-07-16 12:19:02',1,'CANTA',131),(1335,'','2020-07-16 12:19:02',1,'ARAHUAY',131),(1336,'','2020-07-16 12:19:02',1,'HUAMANTANGA',131),(1337,'','2020-07-16 12:19:02',1,'HUAROS',131),(1338,'','2020-07-16 12:19:02',1,'LACHAQUI',131),(1339,'','2020-07-16 12:19:02',1,'SAN BUENAVENTURA',131),(1340,'','2020-07-16 12:19:03',1,'SANTA ROSA DE QUIVES',131),(1341,'','2020-07-16 12:19:03',1,'SAN VICENTE DE CAÑETE',132),(1342,'','2020-07-16 12:19:03',1,'ASIA',132),(1343,'','2020-07-16 12:19:03',1,'CALANGO',132),(1344,'','2020-07-16 12:19:03',1,'CERRO AZUL',132),(1345,'','2020-07-16 12:19:03',1,'CHILCA',132),(1346,'','2020-07-16 12:19:03',1,'COAYLLO',132),(1347,'','2020-07-16 12:19:03',1,'IMPERIAL',132),(1348,'','2020-07-16 12:19:03',1,'LUNAHUANA',132),(1349,'','2020-07-16 12:19:04',1,'MALA',132),(1350,'','2020-07-16 12:19:04',1,'NUEVO IMPERIAL',132),(1351,'','2020-07-16 12:19:04',1,'PACARAN',132),(1352,'','2020-07-16 12:19:04',1,'QUILMANA',132),(1353,'','2020-07-16 12:19:04',1,'SAN ANTONIO',132),(1354,'','2020-07-16 12:19:04',1,'SAN LUIS',132),(1355,'','2020-07-16 12:19:04',1,'SANTA CRUZ DE FLORES',132),(1356,'','2020-07-16 12:19:04',1,'ZUÑIGA',132),(1357,'','2020-07-16 12:19:04',1,'HUARAL',133),(1358,'','2020-07-16 12:19:05',1,'ATAVILLOS ALTO',133),(1359,'','2020-07-16 12:19:05',1,'ATAVILLOS BAJO',133),(1360,'','2020-07-16 12:19:05',1,'AUCALLAMA',133),(1361,'','2020-07-16 12:19:05',1,'CHANCAY',133),(1362,'','2020-07-16 12:19:05',1,'IHUARI',133),(1363,'','2020-07-16 12:19:05',1,'LAMPIAN',133),(1364,'','2020-07-16 12:19:05',1,'PACARAOS',133),(1365,'','2020-07-16 12:19:05',1,'SAN MIGUEL DE ACOS',133),(1366,'','2020-07-16 12:19:05',1,'SANTA CRUZ DE ANDAMARCA',133),(1367,'','2020-07-16 12:19:06',1,'SUMBILCA',133),(1368,'','2020-07-16 12:19:06',1,'VEINTISIETE DE NOVIEMBRE',133),(1369,'','2020-07-16 12:19:06',1,'MATUCANA',134),(1370,'','2020-07-16 12:19:06',1,'ANTIOQUIA',134),(1371,'','2020-07-16 12:19:06',1,'CALLAHUANCA',134),(1372,'','2020-07-16 12:19:06',1,'CARAMPOMA',134),(1373,'','2020-07-16 12:19:06',1,'CHICLA',134),(1374,'','2020-07-16 12:19:06',1,'CUENCA',134),(1375,'','2020-07-16 12:19:06',1,'HUACHUPAMPA',134),(1376,'','2020-07-16 12:19:07',1,'HUANZA',134),(1377,'','2020-07-16 12:19:07',1,'HUAROCHIRI',134),(1378,'','2020-07-16 12:19:07',1,'LAHUAYTAMBO',134),(1379,'','2020-07-16 12:19:07',1,'LANGA',134),(1380,'','2020-07-16 12:19:07',1,'LARAOS',134),(1381,'','2020-07-16 12:19:07',1,'MARIATANA',134),(1382,'','2020-07-16 12:19:07',1,'RICARDO PALMA',134),(1383,'','2020-07-16 12:19:07',1,'SAN ANDRES DE TUPICOCHA',134),(1384,'','2020-07-16 12:19:07',1,'SAN ANTONIO',134),(1385,'','2020-07-16 12:19:08',1,'SAN BARTOLOME',134),(1386,'','2020-07-16 12:19:08',1,'SAN DAMIAN',134),(1387,'','2020-07-16 12:19:08',1,'SAN JUAN DE IRIS',134),(1388,'','2020-07-16 12:19:08',1,'SAN JUAN DE TANTARANCHE',134),(1389,'','2020-07-16 12:19:08',1,'SAN LORENZO DE QUINTI',134),(1390,'','2020-07-16 12:19:08',1,'SAN MATEO',134),(1391,'','2020-07-16 12:19:08',1,'SAN MATEO DE OTAO',134),(1392,'','2020-07-16 12:19:08',1,'SAN PEDRO DE CASTA',134),(1393,'','2020-07-16 12:19:08',1,'SAN PEDRO DE HUANCAYRE',134),(1394,'','2020-07-16 12:19:09',1,'SANGALLAYA',134),(1395,'','2020-07-16 12:19:09',1,'SANTA CRUZ DE COCACHACRA',134),(1396,'','2020-07-16 12:19:09',1,'SANTA EULALIA',134),(1397,'','2020-07-16 12:19:09',1,'SANTIAGO DE ANCHUCAYA',134),(1398,'','2020-07-16 12:19:09',1,'SANTIAGO DE TUNA',134),(1399,'','2020-07-16 12:19:09',1,'SANTO DOMINGO DE LOS OLLEROS',134),(1400,'','2020-07-16 12:19:09',1,'SURCO',134),(1401,'','2020-07-16 12:19:09',1,'HUACHO',135),(1402,'','2020-07-16 12:19:09',1,'AMBAR',135),(1403,'','2020-07-16 12:19:10',1,'CALETA DE CARQUIN',135),(1404,'','2020-07-16 12:19:10',1,'CHECRAS',135),(1405,'','2020-07-16 12:19:10',1,'HUALMAY',135),(1406,'','2020-07-16 12:19:10',1,'HUAURA',135),(1407,'','2020-07-16 12:19:10',1,'LEONCIO PRADO',135),(1408,'','2020-07-16 12:19:10',1,'PACCHO',135),(1409,'','2020-07-16 12:19:10',1,'SANTA LEONOR',135),(1410,'','2020-07-16 12:19:10',1,'SANTA MARIA',135),(1411,'','2020-07-16 12:19:10',1,'SAYAN',135),(1412,'','2020-07-16 12:19:11',1,'VEGUETA',135),(1413,'','2020-07-16 12:19:11',1,'OYON',136),(1414,'','2020-07-16 12:19:11',1,'ANDAJES',136),(1415,'','2020-07-16 12:19:11',1,'CAUJUL',136),(1416,'','2020-07-16 12:19:11',1,'COCHAMARCA',136),(1417,'','2020-07-16 12:19:11',1,'NAVAN',136),(1418,'','2020-07-16 12:19:11',1,'PACHANGARA',136),(1419,'','2020-07-16 12:19:11',1,'YAUYOS',137),(1420,'','2020-07-16 12:19:11',1,'ALIS',137),(1421,'','2020-07-16 12:19:12',1,'ALLAUCA',137),(1422,'','2020-07-16 12:19:12',1,'AYAVIRI',137),(1423,'','2020-07-16 12:19:12',1,'AZANGARO',137),(1424,'','2020-07-16 12:19:12',1,'CACRA',137),(1425,'','2020-07-16 12:19:12',1,'CARANIA',137),(1426,'','2020-07-16 12:19:12',1,'CATAHUASI',137),(1427,'','2020-07-16 12:19:12',1,'CHOCOS',137),(1428,'','2020-07-16 12:19:12',1,'COCHAS',137),(1429,'','2020-07-16 12:19:12',1,'COLONIA',137),(1430,'','2020-07-16 12:19:13',1,'HONGOS',137),(1431,'','2020-07-16 12:19:13',1,'HUAMPARA',137),(1432,'','2020-07-16 12:19:13',1,'HUANCAYA',137),(1433,'','2020-07-16 12:19:13',1,'HUANGASCAR',137),(1434,'','2020-07-16 12:19:13',1,'HUANTAN',137),(1435,'','2020-07-16 12:19:13',1,'HUAÑEC',137),(1436,'','2020-07-16 12:19:13',1,'LARAOS',137),(1437,'','2020-07-16 12:19:13',1,'LINCHA',137),(1438,'','2020-07-16 12:19:13',1,'MADEAN',137),(1439,'','2020-07-16 12:19:13',1,'MIRAFLORES',137),(1440,'','2020-07-16 12:19:14',1,'OMAS',137),(1441,'','2020-07-16 12:19:14',1,'PUTINZA',137),(1442,'','2020-07-16 12:19:14',1,'QUINCHES',137),(1443,'','2020-07-16 12:19:14',1,'QUINOCAY',137),(1444,'','2020-07-16 12:19:14',1,'SAN JOAQUIN',137),(1445,'','2020-07-16 12:19:14',1,'SAN PEDRO DE PILAS',137),(1446,'','2020-07-16 12:19:14',1,'TANTA',137),(1447,'','2020-07-16 12:19:14',1,'TAURIPAMPA',137),(1448,'','2020-07-16 12:19:15',1,'TOMAS',137),(1449,'','2020-07-16 12:19:15',1,'TUPE',137),(1450,'','2020-07-16 12:19:15',1,'VIÑAC',137),(1451,'','2020-07-16 12:19:15',1,'VITIS',137),(1452,'','2020-07-16 12:19:15',1,'IQUITOS',138),(1453,'','2020-07-16 12:19:15',1,'ALTO NANAY',138),(1454,'','2020-07-16 12:19:15',1,'FERNANDO LORES',138),(1455,'','2020-07-16 12:19:15',1,'INDIANA',138),(1456,'','2020-07-16 12:19:15',1,'LASAMAZONAS',138),(1457,'','2020-07-16 12:19:16',1,'MAZAN',138),(1458,'','2020-07-16 12:19:16',1,'NAPO',138),(1459,'','2020-07-16 12:19:16',1,'PUNCHANA',138),(1460,'','2020-07-16 12:19:16',1,'TORRES CAUSANA',138),(1461,'','2020-07-16 12:19:16',1,'BELEN',138),(1462,'','2020-07-16 12:19:16',1,'SAN JUAN BAUTISTA',138),(1463,'','2020-07-16 12:19:16',1,'YURIMAGUAS',139),(1464,'','2020-07-16 12:19:16',1,'BALSA PUERTO',139),(1465,'','2020-07-16 12:19:16',1,'JEBEROS',139),(1466,'','2020-07-16 12:19:17',1,'LAGUNAS',139),(1467,'','2020-07-16 12:19:17',1,'SANTACRUZ',139),(1468,'','2020-07-16 12:19:17',1,'TENIENTE CESAR LOPEZ ROJAS',139),(1469,'','2020-07-16 12:19:17',1,'NAUTA',140),(1470,'','2020-07-16 12:19:17',1,'PARINARI',140),(1471,'','2020-07-16 12:19:17',1,'TIGRE',140),(1472,'','2020-07-16 12:19:17',1,'TROMPETEROS',140),(1473,'','2020-07-16 12:19:17',1,'URARINAS',140),(1474,'','2020-07-16 12:19:17',1,'RAMON CASTILLA',141),(1475,'','2020-07-16 12:19:18',1,'PEBAS',141),(1476,'','2020-07-16 12:19:18',1,'YAVARI',141),(1477,'','2020-07-16 12:19:18',1,'SAN PABLO',141),(1478,'','2020-07-16 12:19:18',1,'REQUENA',142),(1479,'','2020-07-16 12:19:18',1,'ALTO TAPICHE',142),(1480,'','2020-07-16 12:19:18',1,'CAPELO',142),(1481,'','2020-07-16 12:19:18',1,'EMILIO SAN MARTIN',142),(1482,'','2020-07-16 12:19:18',1,'MAQUIA',142),(1483,'','2020-07-16 12:19:18',1,'PUINAHUA',142),(1484,'','2020-07-16 12:19:19',1,'SAQUENA',142),(1485,'','2020-07-16 12:19:19',1,'SOPLIN',142),(1486,'','2020-07-16 12:19:19',1,'TAPICHE',142),(1487,'','2020-07-16 12:19:19',1,'JENARO HERRERA',142),(1488,'','2020-07-16 12:19:19',1,'YAQUERANA',142),(1489,'','2020-07-16 12:19:19',1,'CONTAMANA',143),(1490,'','2020-07-16 12:19:19',1,'INAHUAYA',143),(1491,'','2020-07-16 12:19:19',1,'PADRE MARQUEZ',143),(1492,'','2020-07-16 12:19:19',1,'PAMPA HERMOSA',143),(1493,'','2020-07-16 12:19:20',1,'SARAYACU',143),(1494,'','2020-07-16 12:19:20',1,'VARGAS GUERRA',143),(1495,'','2020-07-16 12:19:20',1,'BARRANCA',144),(1496,'','2020-07-16 12:19:20',1,'CAHUAPANAS',144),(1497,'','2020-07-16 12:19:20',1,'MANSERICHE',144),(1498,'','2020-07-16 12:19:20',1,'MORONA',144),(1499,'','2020-07-16 12:19:20',1,'PASTAZA',144),(1500,'','2020-07-16 12:19:20',1,'ANDOAS',144),(1501,'','2020-07-16 12:19:20',1,'PUTUMAYO',145),(1502,'','2020-07-16 12:19:21',1,'ROSA PANDURO',145),(1503,'','2020-07-16 12:19:21',1,'TENIENTE MANUEL CLAVERO',145),(1504,'','2020-07-16 12:19:21',1,'YAGUAS',145),(1505,'','2020-07-16 12:19:21',1,'TAMBOPATA',146),(1506,'','2020-07-16 12:19:21',1,'INAMBARI',146),(1507,'','2020-07-16 12:19:21',1,'LAS PIEDRAS',146),(1508,'','2020-07-16 12:19:21',1,'LABERINTO',146),(1509,'','2020-07-16 12:19:21',1,'MANU',147),(1510,'','2020-07-16 12:19:21',1,'FITZ CARRALD',147),(1511,'','2020-07-16 12:19:22',1,'MADRE DE DIOS',147),(1512,'','2020-07-16 12:19:22',1,'HUEPETUHE',147),(1513,'','2020-07-16 12:19:22',1,'IÑAPARI',148),(1514,'','2020-07-16 12:19:22',1,'IBERIA',148),(1515,'','2020-07-16 12:19:22',1,'TAHUAMANU',148),(1516,'','2020-07-16 12:19:22',1,'MOQUEGUA',149),(1517,'','2020-07-16 12:19:22',1,'CARUMAS',149),(1518,'','2020-07-16 12:19:22',1,'CUCHUMBAYA',149),(1519,'','2020-07-16 12:19:22',1,'SAMEGUA',149),(1520,'','2020-07-16 12:19:23',1,'SAN CRISTOBAL',149),(1521,'','2020-07-16 12:19:23',1,'TORATA',149),(1522,'','2020-07-16 12:19:23',1,'OMATE',150),(1523,'','2020-07-16 12:19:23',1,'CHOJATA',150),(1524,'','2020-07-16 12:19:23',1,'COALAQUE',150),(1525,'','2020-07-16 12:19:23',1,'ICHUÑA',150),(1526,'','2020-07-16 12:19:23',1,'LA CAPILLA',150),(1527,'','2020-07-16 12:19:23',1,'LLOQUE',150),(1528,'','2020-07-16 12:19:23',1,'MATALAQUE',150),(1529,'','2020-07-16 12:19:23',1,'PUQUINA',150),(1530,'','2020-07-16 12:19:24',1,'QUINISTAQUILLAS',150),(1531,'','2020-07-16 12:19:24',1,'UBINAS',150),(1532,'','2020-07-16 12:19:24',1,'YUNGA',150),(1533,'','2020-07-16 12:19:24',1,'ILO',151),(1534,'','2020-07-16 12:19:24',1,'EL ALGARROBAL',151),(1535,'','2020-07-16 12:19:24',1,'PACOCHA',151),(1536,'','2020-07-16 12:19:24',1,'CHAUPIMARCA',152),(1537,'','2020-07-16 12:19:24',1,'HUACHON',152),(1538,'','2020-07-16 12:19:25',1,'HUARIACA',152),(1539,'','2020-07-16 12:19:25',1,'HUAYLLAY',152),(1540,'','2020-07-16 12:19:25',1,'NINACACA',152),(1541,'','2020-07-16 12:19:25',1,'PALLANCHACRA',152),(1542,'','2020-07-16 12:19:25',1,'PAUCARTAMBO',152),(1543,'','2020-07-16 12:19:25',1,'SAN FRANCISCO DE ASIS DE YARUSYACAN',152),(1544,'','2020-07-16 12:19:25',1,'SIMON BOLIVAR',152),(1545,'','2020-07-16 12:19:25',1,'TICLACAYAN',152),(1546,'','2020-07-16 12:19:25',1,'TINYAHUARCO',152),(1547,'','2020-07-16 12:19:26',1,'VICCO',152),(1548,'','2020-07-16 12:19:26',1,'YANACANCHA',152),(1549,'','2020-07-16 12:19:26',1,'YANAHUANCA',153),(1550,'','2020-07-16 12:19:26',1,'CHACAYAN',153),(1551,'','2020-07-16 12:19:26',1,'GOYLLA RISQUIZGA',153),(1552,'','2020-07-16 12:19:26',1,'PAUCAR',153),(1553,'','2020-07-16 12:19:26',1,'SAN PEDRO DE PILLAO',153),(1554,'','2020-07-16 12:19:26',1,'SANTA ANA DE TUSI',153),(1555,'','2020-07-16 12:19:26',1,'TAPUC',153),(1556,'','2020-07-16 12:19:27',1,'VILCABAMBA',153),(1557,'','2020-07-16 12:19:27',1,'OXAPAMPA',154),(1558,'','2020-07-16 12:19:27',1,'CHONTABAMBA',154),(1559,'','2020-07-16 12:19:27',1,'HUANCABAMBA',154),(1560,'','2020-07-16 12:19:27',1,'PALCAZU',154),(1561,'','2020-07-16 12:19:27',1,'POZUZO',154),(1562,'','2020-07-16 12:19:27',1,'PUERTO BERMUDEZ',154),(1563,'','2020-07-16 12:19:27',1,'VILLARICA',154),(1564,'','2020-07-16 12:19:27',1,'CONSTITUCION',154),(1565,'','2020-07-16 12:19:28',1,'PIURA',155),(1566,'','2020-07-16 12:19:28',1,'CASTILLA',155),(1567,'','2020-07-16 12:19:28',1,'CATACAOS',155),(1568,'','2020-07-16 12:19:28',1,'CURAMORI',155),(1569,'','2020-07-16 12:19:28',1,'ELTALLAN',155),(1570,'','2020-07-16 12:19:28',1,'LAARENA',155),(1571,'','2020-07-16 12:19:28',1,'LAUNION',155),(1572,'','2020-07-16 12:19:28',1,'LASLOMAS',155),(1573,'','2020-07-16 12:19:29',1,'TAMBO GRANDE',155),(1574,'','2020-07-16 12:19:29',1,'VEINTISEIS DE OCTUBRE',155),(1575,'','2020-07-16 12:19:29',1,'AYABACA',156),(1576,'','2020-07-16 12:19:29',1,'FRIAS',156),(1577,'','2020-07-16 12:19:29',1,'JILILI',156),(1578,'','2020-07-16 12:19:29',1,'LAGUNAS',156),(1579,'','2020-07-16 12:19:29',1,'MONTERO',156),(1580,'','2020-07-16 12:19:29',1,'PACAIPAMPA',156),(1581,'','2020-07-16 12:19:29',1,'PAIMAS',156),(1582,'','2020-07-16 12:19:30',1,'SAPILLICA',156),(1583,'','2020-07-16 12:19:30',1,'SICCHEZ',156),(1584,'','2020-07-16 12:19:30',1,'SUYO',156),(1585,'','2020-07-16 12:19:30',1,'HUANCABAMBA',157),(1586,'','2020-07-16 12:19:30',1,'CANCHAQUE',157),(1587,'','2020-07-16 12:19:30',1,'EL CARMEN DE LA FRONTERA',157),(1588,'','2020-07-16 12:19:30',1,'HUARMACA',157),(1589,'','2020-07-16 12:19:30',1,'LALAQUIZ',157),(1590,'','2020-07-16 12:19:30',1,'SAN MIGUEL DE EL FAIQUE',157),(1591,'','2020-07-16 12:19:31',1,'SONDOR',157),(1592,'','2020-07-16 12:19:31',1,'SONDORILLO',157),(1593,'','2020-07-16 12:19:31',1,'CHULUCANAS',158),(1594,'','2020-07-16 12:19:31',1,'BUENOSAIRES',158),(1595,'','2020-07-16 12:19:31',1,'CHALACO',158),(1596,'','2020-07-16 12:19:32',1,'LAMATANZA',158),(1597,'','2020-07-16 12:19:32',1,'MORROPON',158),(1598,'','2020-07-16 12:19:32',1,'SALITRAL',158),(1599,'','2020-07-16 12:19:33',1,'SAN JUAN DE BIGOTE',158),(1600,'','2020-07-16 12:19:33',1,'SANTA CATALINA DE MOSSA',158),(1601,'','2020-07-16 12:19:33',1,'SANTO DOMINGO',158),(1602,'','2020-07-16 12:19:34',1,'YAMANGO',158),(1603,'','2020-07-16 12:19:34',1,'PAITA',159),(1604,'','2020-07-16 12:19:34',1,'AMOTAPE',159),(1605,'','2020-07-16 12:19:34',1,'ARENAL',159),(1606,'','2020-07-16 12:19:34',1,'COLAN',159),(1607,'','2020-07-16 12:19:34',1,'LAHUACA',159),(1608,'','2020-07-16 12:19:34',1,'TAMARINDO',159),(1609,'','2020-07-16 12:19:34',1,'VICHAYAL',159),(1610,'','2020-07-16 12:19:34',1,'SULLANA',160),(1611,'','2020-07-16 12:19:35',1,'BELLAVISTA',160),(1612,'','2020-07-16 12:19:35',1,'IGNACIO ESCUDERO',160),(1613,'','2020-07-16 12:19:35',1,'LANCONES',160),(1614,'','2020-07-16 12:19:35',1,'MARCAVELICA',160),(1615,'','2020-07-16 12:19:35',1,'MIGUEL CHECA',160),(1616,'','2020-07-16 12:19:35',1,'QUERECOTILLO',160),(1617,'','2020-07-16 12:19:35',1,'SALITRAL',160),(1618,'','2020-07-16 12:19:35',1,'PARIÑAS',161),(1619,'','2020-07-16 12:19:36',1,'ELALTO',161),(1620,'','2020-07-16 12:19:36',1,'LABREA',161),(1621,'','2020-07-16 12:19:36',1,'LOBITOS',161),(1622,'','2020-07-16 12:19:36',1,'LOS ORGANOS',161),(1623,'','2020-07-16 12:19:36',1,'MANCORA',161),(1624,'','2020-07-16 12:19:36',1,'SECHURA',162),(1625,'','2020-07-16 12:19:36',1,'BELLAVISTA DE LAUNION',162),(1626,'','2020-07-16 12:19:36',1,'BERNAL',162),(1627,'','2020-07-16 12:19:36',1,'CRISTONOS VALGA',162),(1628,'','2020-07-16 12:19:37',1,'VICE',162),(1629,'','2020-07-16 12:19:37',1,'RINCONA DALLICUAR',162),(1630,'','2020-07-16 12:19:37',1,'PUNO',163),(1631,'','2020-07-16 12:19:37',1,'ACORA',163),(1632,'','2020-07-16 12:19:37',1,'AMANTANI',163),(1633,'','2020-07-16 12:19:37',1,'ATUNCOLLA',163),(1634,'','2020-07-16 12:19:37',1,'CAPACHICA',163),(1635,'','2020-07-16 12:19:37',1,'CHUCUITO',163),(1636,'','2020-07-16 12:19:37',1,'COATA',163),(1637,'','2020-07-16 12:19:38',1,'HUATA',163),(1638,'','2020-07-16 12:19:38',1,'MAÑAZO',163),(1639,'','2020-07-16 12:19:38',1,'PAUCARCOLLA',163),(1640,'','2020-07-16 12:19:38',1,'PICHACANI',163),(1641,'','2020-07-16 12:19:38',1,'PLATERIA',163),(1642,'','2020-07-16 12:19:38',1,'SAN ANTONIO',163),(1643,'','2020-07-16 12:19:38',1,'TIQUILLACA',163),(1644,'','2020-07-16 12:19:38',1,'VILQUE',163),(1645,'','2020-07-16 12:19:38',1,'AZANGARO',164),(1646,'','2020-07-16 12:19:39',1,'ACHAYA',164),(1647,'','2020-07-16 12:19:39',1,'ARAPA',164),(1648,'','2020-07-16 12:19:39',1,'ASILLO',164),(1649,'','2020-07-16 12:19:39',1,'CAMINACA',164),(1650,'','2020-07-16 12:19:39',1,'CHUPA',164),(1651,'','2020-07-16 12:19:39',1,'JOSE DOMINGO CHOQUE HUANCA',164),(1652,'','2020-07-16 12:19:39',1,'MUÑANI',164),(1653,'','2020-07-16 12:19:39',1,'POTONI',164),(1654,'','2020-07-16 12:19:39',1,'SAMAN',164),(1655,'','2020-07-16 12:19:40',1,'SAN ANTON',164),(1656,'','2020-07-16 12:19:40',1,'SAN JOSE',164),(1657,'','2020-07-16 12:19:40',1,'SAN JUAN DE SALINAS',164),(1658,'','2020-07-16 12:19:40',1,'SANTIAGO DE PUPUJA',164),(1659,'','2020-07-16 12:19:40',1,'TIRAPATA',164),(1660,'','2020-07-16 12:19:40',1,'MACUSANI',165),(1661,'','2020-07-16 12:19:40',1,'AJOYANI',165),(1662,'','2020-07-16 12:19:40',1,'AYAPATA',165),(1663,'','2020-07-16 12:19:40',1,'COASA',165),(1664,'','2020-07-16 12:19:41',1,'CORANI',165),(1665,'','2020-07-16 12:19:41',1,'CRUCERO',165),(1666,'','2020-07-16 12:19:41',1,'ITUATA',165),(1667,'','2020-07-16 12:19:41',1,'OLLACHEA',165),(1668,'','2020-07-16 12:19:41',1,'SANGABAN',165),(1669,'','2020-07-16 12:19:41',1,'USICAYOS',165),(1670,'','2020-07-16 12:19:41',1,'JULI',166),(1671,'','2020-07-16 12:19:41',1,'DESAGUADERO',166),(1672,'','2020-07-16 12:19:41',1,'HUACULLANI',166),(1673,'','2020-07-16 12:19:42',1,'KELLUYO',166),(1674,'','2020-07-16 12:19:42',1,'PISACOMA',166),(1675,'','2020-07-16 12:19:42',1,'POMATA',166),(1676,'','2020-07-16 12:19:42',1,'ZEPITA',166),(1677,'','2020-07-16 12:19:42',1,'ILAVE',167),(1678,'','2020-07-16 12:19:42',1,'CAPAZO',167),(1679,'','2020-07-16 12:19:42',1,'PILCUYO',167),(1680,'','2020-07-16 12:19:42',1,'SANTA ROSA',167),(1681,'','2020-07-16 12:19:42',1,'CONDURIRI',167),(1682,'','2020-07-16 12:19:43',1,'HUANCANE',168),(1683,'','2020-07-16 12:19:43',1,'COJATA',168),(1684,'','2020-07-16 12:19:43',1,'HUATASANI',168),(1685,'','2020-07-16 12:19:43',1,'INCHUPALLA',168),(1686,'','2020-07-16 12:19:43',1,'PUSI',168),(1687,'','2020-07-16 12:19:43',1,'ROSASPATA',168),(1688,'','2020-07-16 12:19:43',1,'TARACO',168),(1689,'','2020-07-16 12:19:43',1,'VILQUECHICO',168),(1690,'','2020-07-16 12:19:43',1,'LAMPA',169),(1691,'','2020-07-16 12:19:44',1,'CABANILLA',169),(1692,'','2020-07-16 12:19:44',1,'CALAPUJA',169),(1693,'','2020-07-16 12:19:44',1,'NICASIO',169),(1694,'','2020-07-16 12:19:44',1,'OCUVIRI',169),(1695,'','2020-07-16 12:19:44',1,'PALCA',169),(1696,'','2020-07-16 12:19:44',1,'PARATIA',169),(1697,'','2020-07-16 12:19:44',1,'PUCARA',169),(1698,'','2020-07-16 12:19:44',1,'SANTA LUCIA',169),(1699,'','2020-07-16 12:19:44',1,'VILAVILA',169),(1700,'','2020-07-16 12:19:45',1,'AYAVIRI',170),(1701,'','2020-07-16 12:19:45',1,'ANTAUTA',170),(1702,'','2020-07-16 12:19:45',1,'CUPI',170),(1703,'','2020-07-16 12:19:45',1,'LLALLI',170),(1704,'','2020-07-16 12:19:45',1,'MACARI',170),(1705,'','2020-07-16 12:19:45',1,'NUÑOA',170),(1706,'','2020-07-16 12:19:45',1,'ORURILLO',170),(1707,'','2020-07-16 12:19:45',1,'SANTA ROSA',170),(1708,'','2020-07-16 12:19:45',1,'UMACHIRI',170),(1709,'','2020-07-16 12:19:46',1,'MOHO',171),(1710,'','2020-07-16 12:19:46',1,'CONIMA',171),(1711,'','2020-07-16 12:19:46',1,'HUAYRAPATA',171),(1712,'','2020-07-16 12:19:46',1,'TILALI',171),(1713,'','2020-07-16 12:19:46',1,'PUTINA',172),(1714,'','2020-07-16 12:19:46',1,'ANANEA',172),(1715,'','2020-07-16 12:19:46',1,'PEDRO VILCA APAZA',172),(1716,'','2020-07-16 12:19:46',1,'QUILCAPUNCU',172),(1717,'','2020-07-16 12:19:46',1,'SINA',172),(1718,'','2020-07-16 12:19:47',1,'JULIACA',173),(1719,'','2020-07-16 12:19:47',1,'CABANA',173),(1720,'','2020-07-16 12:19:47',1,'CABANILLAS',173),(1721,'','2020-07-16 12:19:47',1,'CARACOTO',173),(1722,'','2020-07-16 12:19:47',1,'SAN MIGUEL',173),(1723,'','2020-07-16 12:19:47',1,'SANDIA',174),(1724,'','2020-07-16 12:19:47',1,'CUYOCUYO',174),(1725,'','2020-07-16 12:19:47',1,'LIMBANI',174),(1726,'','2020-07-16 12:19:47',1,'PATAMBUCO',174),(1727,'','2020-07-16 12:19:47',1,'PHARA',174),(1728,'','2020-07-16 12:19:48',1,'QUIACA',174),(1729,'','2020-07-16 12:19:48',1,'SAN JUAN DE LORO',174),(1730,'','2020-07-16 12:19:48',1,'YANAHUAYA',174),(1731,'','2020-07-16 12:19:48',1,'ALTO INAMBARI',174),(1732,'','2020-07-16 12:19:48',1,'SAN PEDRO DE PUTINA PUNCO',174),(1733,'','2020-07-16 12:19:48',1,'YUNGUYO',175),(1734,'','2020-07-16 12:19:48',1,'ANAPIA',175),(1735,'','2020-07-16 12:19:48',1,'COPANI',175),(1736,'','2020-07-16 12:19:48',1,'CUTURAPI',175),(1737,'','2020-07-16 12:19:49',1,'OLLARAYA',175),(1738,'','2020-07-16 12:19:49',1,'TINICACHI',175),(1739,'','2020-07-16 12:19:49',1,'UNICACHI',175),(1740,'','2020-07-16 12:19:49',1,'MOYOBAMBA',176),(1741,'','2020-07-16 12:19:49',1,'CALZADA',176),(1742,'','2020-07-16 12:19:49',1,'HABANA',176),(1743,'','2020-07-16 12:19:49',1,'JEPELACIO',176),(1744,'','2020-07-16 12:19:49',1,'SORITOR',176),(1745,'','2020-07-16 12:19:49',1,'YANTALO',176),(1746,'','2020-07-16 12:19:50',1,'BELLAVISTA',177),(1747,'','2020-07-16 12:19:50',1,'ALTO BIAVO',177),(1748,'','2020-07-16 12:19:50',1,'BAJO BIAVO',177),(1749,'','2020-07-16 12:19:50',1,'HUALLAGA',177),(1750,'','2020-07-16 12:19:50',1,'SAN PABLO',177),(1751,'','2020-07-16 12:19:50',1,'SAN RAFAEL',177),(1752,'','2020-07-16 12:19:50',1,'SAN JOSE DE SISA',178),(1753,'','2020-07-16 12:19:50',1,'AGUA BLANCA',178),(1754,'','2020-07-16 12:19:51',1,'SAN MARTIN',178),(1755,'','2020-07-16 12:19:51',1,'SANTA ROSA',178),(1756,'','2020-07-16 12:19:51',1,'SHATOJA',178),(1757,'','2020-07-16 12:19:51',1,'SAPOSOA',179),(1758,'','2020-07-16 12:19:51',1,'ALTO SAPOSOA',179),(1759,'','2020-07-16 12:19:51',1,'EL ESLABON',179),(1760,'','2020-07-16 12:19:51',1,'PISCOYACU',179),(1761,'','2020-07-16 12:19:51',1,'SACANCHE',179),(1762,'','2020-07-16 12:19:51',1,'TINGO DE SAPOSOA',179),(1763,'','2020-07-16 12:19:52',1,'LAMAS',180),(1764,'','2020-07-16 12:19:52',1,'ALONSO DE ALVARADO',180),(1765,'','2020-07-16 12:19:52',1,'BARRANQUITA',180),(1766,'','2020-07-16 12:19:52',1,'CAYNARACHI',180),(1767,'','2020-07-16 12:19:52',1,'CUÑUMBUQUI',180),(1768,'','2020-07-16 12:19:52',1,'PINTO RECODO',180),(1769,'','2020-07-16 12:19:52',1,'RUMISAPA',180),(1770,'','2020-07-16 12:19:52',1,'SAN ROQUE DE CUMBAZA',180),(1771,'','2020-07-16 12:19:52',1,'SHANAO',180),(1772,'','2020-07-16 12:19:53',1,'TABALOSOS',180),(1773,'','2020-07-16 12:19:53',1,'ZAPATERO',180),(1774,'','2020-07-16 12:19:53',1,'JUANJUI',181),(1775,'','2020-07-16 12:19:53',1,'CAMPANILLA',181),(1776,'','2020-07-16 12:19:53',1,'HUICUNGO',181),(1777,'','2020-07-16 12:19:53',1,'PACHIZA',181),(1778,'','2020-07-16 12:19:53',1,'PAJARILLO',181),(1779,'','2020-07-16 12:19:53',1,'PICOTA',182),(1780,'','2020-07-16 12:19:53',1,'BUENOS AIRES',182),(1781,'','2020-07-16 12:19:54',1,'CASPISAPA',182),(1782,'','2020-07-16 12:19:54',1,'PILLUANA',182),(1783,'','2020-07-16 12:19:54',1,'PUCACACA',182),(1784,'','2020-07-16 12:19:54',1,'SAN CRISTOBAL',182),(1785,'','2020-07-16 12:19:54',1,'SAN HILARION',182),(1786,'','2020-07-16 12:19:54',1,'SHAMBOYACU',182),(1787,'','2020-07-16 12:19:54',1,'TINGO DE PONASA',182),(1788,'','2020-07-16 12:19:54',1,'TRES UNIDOS',182),(1789,'','2020-07-16 12:19:54',1,'RIOJA',183),(1790,'','2020-07-16 12:19:54',1,'AWAJUN',183),(1791,'','2020-07-16 12:19:55',1,'ELIAS SOPLIN VARGAS',183),(1792,'','2020-07-16 12:19:55',1,'NUEVA CAJAMARCA',183),(1793,'','2020-07-16 12:19:55',1,'PARDO MIGUEL',183),(1794,'','2020-07-16 12:19:55',1,'POSIC',183),(1795,'','2020-07-16 12:19:55',1,'SAN FERNANDO',183),(1796,'','2020-07-16 12:19:55',1,'YORONGOS',183),(1797,'','2020-07-16 12:19:55',1,'YURACYACU',183),(1798,'','2020-07-16 12:19:55',1,'TARAPOTO',184),(1799,'','2020-07-16 12:19:55',1,'ALBERTO LEVEAU',184),(1800,'','2020-07-16 12:19:56',1,'CACATACHI',184),(1801,'','2020-07-16 12:19:56',1,'CHAZUTA',184),(1802,'','2020-07-16 12:19:56',1,'CHIPURANA',184),(1803,'','2020-07-16 12:19:56',1,'EL PORVENIR',184),(1804,'','2020-07-16 12:19:56',1,'HUIMBAYOC',184),(1805,'','2020-07-16 12:19:56',1,'JUAN GUERRA',184),(1806,'','2020-07-16 12:19:56',1,'LA BANDA DE SHILCAYO',184),(1807,'','2020-07-16 12:19:56',1,'MORALES',184),(1808,'','2020-07-16 12:19:56',1,'PAPAPLAYA',184),(1809,'','2020-07-16 12:19:57',1,'SAN ANTONIO',184),(1810,'','2020-07-16 12:19:57',1,'SAUCE',184),(1811,'','2020-07-16 12:19:57',1,'SHAPAJA',184),(1812,'','2020-07-16 12:19:57',1,'TOCACHE',185),(1813,'','2020-07-16 12:19:57',1,'NUEVO PROGRESO',185),(1814,'','2020-07-16 12:19:57',1,'POLVORA',185),(1815,'','2020-07-16 12:19:57',1,'SHUNTE',185),(1816,'','2020-07-16 12:19:57',1,'UCHIZA',185),(1817,'','2020-07-16 12:19:57',1,'TACNA',186),(1818,'','2020-07-16 12:19:58',1,'ALTO DE LA ALIANZA',186),(1819,'','2020-07-16 12:19:58',1,'CALANA',186),(1820,'','2020-07-16 12:19:58',1,'CIUDAD NUEVA',186),(1821,'','2020-07-16 12:19:58',1,'INCLAN',186),(1822,'','2020-07-16 12:19:58',1,'PACHIA',186),(1823,'','2020-07-16 12:19:58',1,'PALCA',186),(1824,'','2020-07-16 12:19:58',1,'POCOLLAY',186),(1825,'','2020-07-16 12:19:58',1,'SAMA',186),(1826,'','2020-07-16 12:19:58',1,'CORONEL GREGORIO ALBARRACIN LANCHIPA',186),(1827,'','2020-07-16 12:19:59',1,'LA YARADA LOS PALOS',186),(1828,'','2020-07-16 12:19:59',1,'CANDARAVE',187),(1829,'','2020-07-16 12:19:59',1,'CAIRANI',187),(1830,'','2020-07-16 12:19:59',1,'CAMILACA',187),(1831,'','2020-07-16 12:19:59',1,'CURIBAYA',187),(1832,'','2020-07-16 12:19:59',1,'HUANUARA',187),(1833,'','2020-07-16 12:19:59',1,'QUILAHUANI',187),(1834,'','2020-07-16 12:19:59',1,'LOCUMBA',188),(1835,'','2020-07-16 12:19:59',1,'ILABAYA',188),(1836,'','2020-07-16 12:20:00',1,'ITE',188),(1837,'','2020-07-16 12:20:00',1,'TARATA',189),(1838,'','2020-07-16 12:20:00',1,'HEROES ALBARRACIN',189),(1839,'','2020-07-16 12:20:00',1,'ESTIQUE',189),(1840,'','2020-07-16 12:20:00',1,'ESTIQUE-PAMPA',189),(1841,'','2020-07-16 12:20:00',1,'SITAJARA',189),(1842,'','2020-07-16 12:20:00',1,'SUSAPAYA',189),(1843,'','2020-07-16 12:20:00',1,'TARUCACHI',189),(1844,'','2020-07-16 12:20:00',1,'TICACO',189),(1845,'','2020-07-16 12:20:00',1,'TUMBES',190),(1846,'','2020-07-16 12:20:01',1,'CORRALES',190),(1847,'','2020-07-16 12:20:01',1,'LA CRUZ',190),(1848,'','2020-07-16 12:20:01',1,'PAMPAS DE HOSPITAL',190),(1849,'','2020-07-16 12:20:01',1,'SAN JACINTO',190),(1850,'','2020-07-16 12:20:01',1,'SAN JUAN DE LA VIRGEN',190),(1851,'','2020-07-16 12:20:01',1,'ZORRITOS',191),(1852,'','2020-07-16 12:20:01',1,'CASITAS',191),(1853,'','2020-07-16 12:20:01',1,'CANOAS DE PUNTASAL',191),(1854,'','2020-07-16 12:20:01',1,'ZARUMILLA',192),(1855,'','2020-07-16 12:20:02',1,'AGUAS VERDES',192),(1856,'','2020-07-16 12:20:02',1,'MATAPALO',192),(1857,'','2020-07-16 12:20:02',1,'PAPAYAL',192),(1858,'','2020-07-16 12:20:02',1,'CALLERIA',193),(1859,'','2020-07-16 12:20:02',1,'CAMPO VERDE',193),(1860,'','2020-07-16 12:20:02',1,'IPARIA',193),(1861,'','2020-07-16 12:20:02',1,'MASISEA',193),(1862,'','2020-07-16 12:20:02',1,'YARINACOCHA',193),(1863,'','2020-07-16 12:20:02',1,'NUEVA REQUENA',193),(1864,'','2020-07-16 12:20:03',1,'MANANTAY',193),(1865,'','2020-07-16 12:20:03',1,'RAYMONDI',194),(1866,'','2020-07-16 12:20:03',1,'SEPAHUA',194),(1867,'','2020-07-16 12:20:03',1,'TAHUANIA',194),(1868,'','2020-07-16 12:20:03',1,'YURUA',194),(1869,'','2020-07-16 12:20:03',1,'PADREABAD',195),(1870,'','2020-07-16 12:20:03',1,'IRAZOLA',195),(1871,'','2020-07-16 12:20:03',1,'CURIMANA',195),(1872,'','2020-07-16 12:20:03',1,'NESHUYA',195),(1873,'','2020-07-16 12:20:04',1,'ALEXANDER VON HUMBOLDT',195),(1874,'','2020-07-16 12:20:04',1,'PURUS',196);
/*!40000 ALTER TABLE `mae_distrito` ENABLE KEYS */;
UNLOCK TABLES;

--
-- Table structure for table `mae_empresa`
--

DROP TABLE IF EXISTS `mae_empresa`;
/*!40101 SET @saved_cs_client     = @@character_set_client */;
/*!50503 SET character_set_client = utf8mb4 */;
CREATE TABLE `mae_empresa` (
  `id` bigint(20) NOT NULL AUTO_INCREMENT,
  `abreviatura` varchar(255) DEFAULT NULL,
  `correo` varchar(255) DEFAULT NULL,
  `direccion_fiscal` varchar(255) DEFAULT NULL,
  `fecha_crea` datetime DEFAULT NULL,
  `fecha_modifica` datetime DEFAULT NULL,
  `id_usuario_crea` int(11) DEFAULT NULL,
  `id_usuario_modifica` int(11) DEFAULT NULL,
  `nombre_comercial` varchar(255) DEFAULT NULL,
  `razon_social` varchar(255) DEFAULT NULL,
  `ruc` varchar(11) DEFAULT NULL,
  `telefono_1` varchar(255) DEFAULT NULL,
  `telefono_2` varchar(255) DEFAULT NULL,
  `distrito_id` bigint(20) DEFAULT NULL,
  `estado_id` bigint(20) DEFAULT NULL,
  `estado_cod_tabla_auxiliar` varchar(6) DEFAULT NULL,
  PRIMARY KEY (`id`),
  UNIQUE KEY `UK_2snxwr2hccxwdlcta52fjorcu` (`razon_social`),
  UNIQUE KEY `UK_61vm9i6nliwf0vhwk4rmshfwq` (`ruc`),
  KEY `FKi36ghtybjwio2589m4gog8x8j` (`distrito_id`),
  KEY `FKhl80vtug1xdwmcgbd83qylct4` (`estado_id`,`estado_cod_tabla_auxiliar`)
) ENGINE=MyISAM AUTO_INCREMENT=2 DEFAULT CHARSET=latin1;
/*!40101 SET character_set_client = @saved_cs_client */;

--
-- Dumping data for table `mae_empresa`
--

LOCK TABLES `mae_empresa` WRITE;
/*!40000 ALTER TABLE `mae_empresa` DISABLE KEYS */;
INSERT INTO `mae_empresa` VALUES (1,'','','AV. FRUTAS NRO. 555','2020-07-16 12:20:09',NULL,1,NULL,'FRUTAS','FRUTAS','20100451023','','',1297,1,'ESTGRL');
/*!40000 ALTER TABLE `mae_empresa` ENABLE KEYS */;
UNLOCK TABLES;

--
-- Table structure for table `mae_fruta`
--

DROP TABLE IF EXISTS `mae_fruta`;
/*!40101 SET @saved_cs_client     = @@character_set_client */;
/*!50503 SET character_set_client = utf8mb4 */;
CREATE TABLE `mae_fruta` (
  `id` bigint(20) NOT NULL AUTO_INCREMENT,
  `fecha_crea` datetime DEFAULT NULL,
  `fecha_modifica` datetime DEFAULT NULL,
  `foto` varchar(255) DEFAULT NULL,
  `id_usuario_crea` int(11) DEFAULT NULL,
  `id_usuario_modifica` int(11) DEFAULT NULL,
  `nombre` varchar(255) DEFAULT NULL,
  `estado_id` bigint(20) DEFAULT NULL,
  `estado_cod_tabla_auxiliar` varchar(6) DEFAULT NULL,
  PRIMARY KEY (`id`),
  KEY `FKfxma2mnifw1fww3nnc97p7qbc` (`estado_id`,`estado_cod_tabla_auxiliar`)
) ENGINE=MyISAM AUTO_INCREMENT=15 DEFAULT CHARSET=latin1;
/*!40101 SET character_set_client = @saved_cs_client */;

--
-- Dumping data for table `mae_fruta`
--

LOCK TABLES `mae_fruta` WRITE;
/*!40000 ALTER TABLE `mae_fruta` DISABLE KEYS */;
INSERT INTO `mae_fruta` VALUES (1,'2020-07-16 12:20:23',NULL,'',1,NULL,'AGUAIMANTO',1,'ESTGRL'),(2,'2020-07-16 12:20:23',NULL,'',1,NULL,'GRANADILLA',1,'ESTGRL'),(3,'2020-07-16 12:20:23',NULL,'',1,NULL,'MANZANA',1,'ESTGRL'),(4,'2020-07-16 12:20:23',NULL,'',1,NULL,'MARACUYA',1,'ESTGRL'),(5,'2020-07-16 12:20:23',NULL,'',1,NULL,'MELON',1,'ESTGRL'),(6,'2020-07-16 12:20:23',NULL,'',1,NULL,'PALTA',1,'ESTGRL'),(7,'2020-07-16 12:20:23',NULL,'',1,NULL,'PAPAYA',1,'ESTGRL'),(8,'2020-07-16 12:20:24',NULL,'',1,NULL,'PLATANO',1,'ESTGRL'),(9,'2020-07-16 12:20:24',NULL,'',1,NULL,'TUNA',1,'ESTGRL'),(10,'2020-07-16 12:20:24',NULL,'',1,NULL,'UVA',1,'ESTGRL'),(11,'2020-08-06 20:11:10',NULL,'',1,NULL,'DURAZNO',1,'ESTGRL'),(12,'2020-08-06 20:11:10',NULL,'',1,NULL,'MANDARINA',1,'ESTGRL'),(13,'2020-08-06 20:11:10',NULL,'',1,NULL,'PIÑA',1,'ESTGRL'),(14,'2020-08-06 20:11:11',NULL,'',1,NULL,'SANDIA',1,'ESTGRL');
/*!40000 ALTER TABLE `mae_fruta` ENABLE KEYS */;
UNLOCK TABLES;

--
-- Table structure for table `mae_fruta_variedad`
--

DROP TABLE IF EXISTS `mae_fruta_variedad`;
/*!40101 SET @saved_cs_client     = @@character_set_client */;
/*!50503 SET character_set_client = utf8mb4 */;
CREATE TABLE `mae_fruta_variedad` (
  `id` bigint(20) NOT NULL AUTO_INCREMENT,
  `descripcion` varchar(255) DEFAULT NULL,
  `fecha_crea` datetime DEFAULT NULL,
  `fecha_modifica` datetime DEFAULT NULL,
  `id_usuario_crea` int(11) DEFAULT NULL,
  `id_usuario_modifica` int(11) DEFAULT NULL,
  `estado_id` bigint(20) DEFAULT NULL,
  `estado_cod_tabla_auxiliar` varchar(6) DEFAULT NULL,
  `fruta_id` bigint(20) DEFAULT NULL,
  PRIMARY KEY (`id`),
  KEY `FKkrmw9ck5yn3l2hrchedk89k5k` (`estado_id`,`estado_cod_tabla_auxiliar`),
  KEY `FKl3v8x4vtg23vsp56nxmuvce7d` (`fruta_id`)
) ENGINE=MyISAM AUTO_INCREMENT=22 DEFAULT CHARSET=latin1;
/*!40101 SET character_set_client = @saved_cs_client */;

--
-- Dumping data for table `mae_fruta_variedad`
--

LOCK TABLES `mae_fruta_variedad` WRITE;
/*!40000 ALTER TABLE `mae_fruta_variedad` DISABLE KEYS */;
INSERT INTO `mae_fruta_variedad` VALUES (1,'GENERICO','2020-07-16 12:20:27',NULL,1,NULL,1,'ESTGRL',1),(2,'GENERICO','2020-07-16 12:20:27',NULL,1,NULL,1,'ESTGRL',2),(3,'GENERICO','2020-07-16 12:20:27',NULL,1,NULL,1,'ESTGRL',3),(4,'CAÑA','2020-07-16 12:20:27',NULL,1,NULL,1,'ESTGRL',3),(5,'ISRAEL','2020-07-16 12:20:27',NULL,1,NULL,1,'ESTGRL',3),(6,'GENERICO','2020-07-16 12:20:28',NULL,1,NULL,1,'ESTGRL',4),(7,'GENERICO','2020-07-16 12:20:28',NULL,1,NULL,1,'ESTGRL',5),(8,'GENERICO','2020-07-16 12:20:28',NULL,1,NULL,1,'ESTGRL',6),(9,'GENERICO','2020-07-16 12:20:28',NULL,1,NULL,1,'ESTGRL',7),(10,'GENERICO','2020-07-16 12:20:28',NULL,1,NULL,1,'ESTGRL',8),(11,'SEDA','2020-07-16 12:20:28',NULL,1,NULL,1,'ESTGRL',8),(12,'MALENO','2020-07-16 12:20:28',NULL,1,NULL,1,'ESTGRL',8),(13,'MANZANO','2020-07-16 12:20:28',NULL,1,NULL,1,'ESTGRL',8),(14,'GENERICO','2020-07-16 12:20:29',NULL,1,NULL,1,'ESTGRL',9),(15,'GENERICO','2020-07-16 12:20:29',NULL,1,NULL,1,'ESTGRL',10),(16,'BLANCA','2020-07-16 12:20:29',NULL,1,NULL,1,'ESTGRL',10),(17,'NEGRO','2020-07-16 12:20:29',NULL,1,NULL,1,'ESTGRL',10),(18,'GENERICO','2020-08-06 20:12:13',NULL,1,NULL,1,'ESTGRL',11),(19,'GENERICO','2020-08-06 20:12:14',NULL,1,NULL,1,'ESTGRL',12),(20,'GENERICO','2020-08-06 20:12:14',NULL,1,NULL,1,'ESTGRL',13),(21,'GENERICO','2020-08-06 20:12:14',NULL,1,NULL,1,'ESTGRL',14);
/*!40000 ALTER TABLE `mae_fruta_variedad` ENABLE KEYS */;
UNLOCK TABLES;

--
-- Table structure for table `mae_pais`
--

DROP TABLE IF EXISTS `mae_pais`;
/*!40101 SET @saved_cs_client     = @@character_set_client */;
/*!50503 SET character_set_client = utf8mb4 */;
CREATE TABLE `mae_pais` (
  `id` bigint(20) NOT NULL AUTO_INCREMENT,
  `abreviatura` varchar(255) DEFAULT NULL,
  `fecha_crea` datetime DEFAULT NULL,
  `id_usuario_crea` int(11) DEFAULT NULL,
  `nombre` varchar(255) DEFAULT NULL,
  PRIMARY KEY (`id`)
) ENGINE=MyISAM AUTO_INCREMENT=2 DEFAULT CHARSET=latin1;
/*!40101 SET character_set_client = @saved_cs_client */;

--
-- Dumping data for table `mae_pais`
--

LOCK TABLES `mae_pais` WRITE;
/*!40000 ALTER TABLE `mae_pais` DISABLE KEYS */;
INSERT INTO `mae_pais` VALUES (1,'PER','2020-07-16 12:14:37',1,'PERU');
/*!40000 ALTER TABLE `mae_pais` ENABLE KEYS */;
UNLOCK TABLES;

--
-- Table structure for table `mae_proveedor`
--

DROP TABLE IF EXISTS `mae_proveedor`;
/*!40101 SET @saved_cs_client     = @@character_set_client */;
/*!50503 SET character_set_client = utf8mb4 */;
CREATE TABLE `mae_proveedor` (
  `id` bigint(20) NOT NULL AUTO_INCREMENT,
  `apellido_materno` varchar(255) DEFAULT NULL,
  `apellido_paterno` varchar(255) DEFAULT NULL,
  `direccion` varchar(255) DEFAULT NULL,
  `dni` varchar(255) DEFAULT NULL,
  `fecha_baja` datetime DEFAULT NULL,
  `fecha_registro` datetime DEFAULT NULL,
  `foto` varchar(255) DEFAULT NULL,
  `id_usuario_crea` int(11) DEFAULT NULL,
  `id_usuario_modifica` int(11) DEFAULT NULL,
  `nickname` varchar(255) DEFAULT NULL,
  `nombres` varchar(255) DEFAULT NULL,
  `nro_direccion` varchar(255) DEFAULT NULL,
  `observacion` varchar(255) DEFAULT NULL,
  `razon_social` varchar(255) DEFAULT NULL,
  `ruc` varchar(255) DEFAULT NULL,
  `sub_tipo_oferta` varchar(255) DEFAULT NULL,
  `telefono1` varchar(255) DEFAULT NULL,
  `telefono2` varchar(255) DEFAULT NULL,
  `urbanizacion` varchar(255) DEFAULT NULL,
  `zona` varchar(255) DEFAULT NULL,
  `distrito_id` bigint(20) DEFAULT NULL,
  `estado_proveedor_id` bigint(20) DEFAULT NULL,
  `estado_proveedor_cod_tabla_auxiliar` varchar(6) DEFAULT NULL,
  `tipo_oferta_id` bigint(20) DEFAULT NULL,
  `tipo_oferta_cod_tabla_auxiliar` varchar(6) DEFAULT NULL,
  `tipo_proveedor_id` bigint(20) DEFAULT NULL,
  `tipo_proveedor_cod_tabla_auxiliar` varchar(6) DEFAULT NULL,
  `tipo_via_id` bigint(20) DEFAULT NULL,
  `tipo_via_cod_tabla_auxiliar` varchar(6) DEFAULT NULL,
  PRIMARY KEY (`id`),
  KEY `FK3q2lfr1ayrpf3mvim5ymhrsk` (`distrito_id`),
  KEY `FKsplpx4vnj2btgswowt031dys` (`estado_proveedor_id`,`estado_proveedor_cod_tabla_auxiliar`),
  KEY `FK20g1qnja7yki2wealx9a2jiw6` (`tipo_oferta_id`,`tipo_oferta_cod_tabla_auxiliar`),
  KEY `FKp6rjc7nnv677u4dgk23bn5dpm` (`tipo_proveedor_id`,`tipo_proveedor_cod_tabla_auxiliar`),
  KEY `FKarrev2770s2ifta7s83sexb52` (`tipo_via_id`,`tipo_via_cod_tabla_auxiliar`)
) ENGINE=MyISAM AUTO_INCREMENT=9 DEFAULT CHARSET=latin1;
/*!40101 SET character_set_client = @saved_cs_client */;

--
-- Dumping data for table `mae_proveedor`
--

LOCK TABLES `mae_proveedor` WRITE;
/*!40000 ALTER TABLE `mae_proveedor` DISABLE KEYS */;
INSERT INTO `mae_proveedor` VALUES (1,'MARTINEZ','HUALLAGA','LA PRIMAVERA','78263547',NULL,'2020-07-16 12:20:14','',1,NULL,'PEPE','LUIS','345','','','','PALTAS','','','','',1820,1,'ESTPRV',1,'TIPOFE',2,'TIPPRV',1,'TIPVIA'),(2,'','','VERANDA','',NULL,'2020-07-16 12:20:14','',1,NULL,'NORTE','','','','','','MANZANAS','','','','',1745,1,'ESTPRV',1,'TIPOFE',2,'TIPPRV',2,'TIPVIA'),(3,'APELLIDO_M','APELLIDO_P','DIRECCION','00000000',NULL,'2020-08-06 20:07:30','',1,NULL,'CAÑETE','NOMBRE','345','','','','PALTAS','','','','',1820,1,'ESTPRV',1,'TIPOFE',1,'TIPPRV',1,'TIPVIA'),(4,'APELLIDO_M','APELLIDO_P','DIRECCION','00000000',NULL,'2020-08-06 20:07:32','',1,NULL,'MERCADO VERDURA','NOMBRE','345','','','','PALTAS','','','','',1820,1,'ESTPRV',1,'TIPOFE',1,'TIPPRV',1,'TIPVIA'),(5,'APELLIDO_M','APELLIDO_P','DIRECCION','00000000',NULL,'2020-08-06 20:07:36','',1,NULL,'MERCADO FRUTA','NOMBRE','345','','','','PALTAS','','','','',1820,1,'ESTPRV',1,'TIPOFE',1,'TIPPRV',1,'TIPVIA'),(6,'APELLIDO_M','APELLIDO_P','DIRECCION','00000000',NULL,'2020-08-06 20:07:36','',1,NULL,'GENERICO MALA','NOMBRE','345','','','','PALTAS','','','','',1820,1,'ESTPRV',1,'TIPOFE',1,'TIPPRV',1,'TIPVIA'),(7,'APELLIDO_M','APELLIDO_P','DIRECCION','00000000',NULL,'2020-08-06 20:07:36','',1,NULL,'GENERICO SAYAN','NOMBRE','345','','','','PALTAS','','','','',1820,1,'ESTPRV',1,'TIPOFE',1,'TIPPRV',1,'TIPVIA'),(8,'APELLIDO_M','APELLIDO_P','DIRECCION','00000000',NULL,'2020-08-06 20:07:50','',1,NULL,'GENERICO OTRO','NOMBRE','345','','','','PALTAS','','','','',1820,1,'ESTPRV',1,'TIPOFE',1,'TIPPRV',1,'TIPVIA');
/*!40000 ALTER TABLE `mae_proveedor` ENABLE KEYS */;
UNLOCK TABLES;

--
-- Table structure for table `mae_provincia`
--

DROP TABLE IF EXISTS `mae_provincia`;
/*!40101 SET @saved_cs_client     = @@character_set_client */;
/*!50503 SET character_set_client = utf8mb4 */;
CREATE TABLE `mae_provincia` (
  `id` bigint(20) NOT NULL AUTO_INCREMENT,
  `abreviatura` varchar(255) DEFAULT NULL,
  `fecha_crea` datetime DEFAULT NULL,
  `id_usuario_crea` int(11) DEFAULT NULL,
  `nombre` varchar(255) DEFAULT NULL,
  `departamento_id` bigint(20) DEFAULT NULL,
  PRIMARY KEY (`id`),
  KEY `FKbtnfh6vptgfmvtm342603knt6` (`departamento_id`)
) ENGINE=MyISAM AUTO_INCREMENT=197 DEFAULT CHARSET=latin1;
/*!40101 SET character_set_client = @saved_cs_client */;

--
-- Dumping data for table `mae_provincia`
--

LOCK TABLES `mae_provincia` WRITE;
/*!40000 ALTER TABLE `mae_provincia` DISABLE KEYS */;
INSERT INTO `mae_provincia` VALUES (1,'','2020-07-16 12:14:52',1,'CHACHAPOYAS',1),(2,'','2020-07-16 12:14:52',1,'BAGUA',1),(3,'','2020-07-16 12:14:52',1,'BONGARA',1),(4,'','2020-07-16 12:14:52',1,'CONDORCANQUI',1),(5,'','2020-07-16 12:14:52',1,'LUYA',1),(6,'','2020-07-16 12:14:52',1,'RODRIGUEZ DE MENDOZA',1),(7,'','2020-07-16 12:14:52',1,'UTCUBAMBA',1),(8,'','2020-07-16 12:14:53',1,'HUARAZ',2),(9,'','2020-07-16 12:14:53',1,'AIJA',2),(10,'','2020-07-16 12:14:53',1,'ANTONIO RAYMONDI',2),(11,'','2020-07-16 12:14:53',1,'ASUNCION',2),(12,'','2020-07-16 12:14:53',1,'BOLOGNESI',2),(13,'','2020-07-16 12:14:53',1,'CARHUAZ',2),(14,'','2020-07-16 12:14:53',1,'CARLOS FERMIN FITZ CARRALD',2),(15,'','2020-07-16 12:14:53',1,'CASMA',2),(16,'','2020-07-16 12:14:54',1,'CORONGO',2),(17,'','2020-07-16 12:14:54',1,'HUARI',2),(18,'','2020-07-16 12:14:54',1,'HUARMEY',2),(19,'','2020-07-16 12:14:54',1,'HUAYLAS',2),(20,'','2020-07-16 12:14:54',1,'MARISCAL LUZ URIAGA',2),(21,'','2020-07-16 12:14:54',1,'OCROS',2),(22,'','2020-07-16 12:14:54',1,'PALLASCA',2),(23,'','2020-07-16 12:14:54',1,'POMABAMBA',2),(24,'','2020-07-16 12:14:55',1,'RECUAY',2),(25,'','2020-07-16 12:14:55',1,'SANTA',2),(26,'','2020-07-16 12:14:55',1,'SIHUAS',2),(27,'','2020-07-16 12:14:55',1,'YUNGAY',2),(28,'','2020-07-16 12:14:55',1,'ABANCAY',3),(29,'','2020-07-16 12:14:55',1,'ANDAHUAYLAS',3),(30,'','2020-07-16 12:14:55',1,'ANTABAMBA',3),(31,'','2020-07-16 12:14:55',1,'AYMARAES',3),(32,'','2020-07-16 12:14:56',1,'COTABAMBAS',3),(33,'','2020-07-16 12:14:56',1,'CHINCHEROS',3),(34,'','2020-07-16 12:14:56',1,'GRAU',3),(35,'','2020-07-16 12:14:56',1,'AREQUIPA',4),(36,'','2020-07-16 12:14:56',1,'CAMANA',4),(37,'','2020-07-16 12:14:56',1,'CARAVELI',4),(38,'','2020-07-16 12:14:56',1,'CASTILLA',4),(39,'','2020-07-16 12:14:56',1,'CAYLLOMA',4),(40,'','2020-07-16 12:14:57',1,'CONDESUYOS',4),(41,'','2020-07-16 12:14:57',1,'ISLAY',4),(42,'','2020-07-16 12:14:57',1,'LAUNIÒN',4),(43,'','2020-07-16 12:14:57',1,'HUAMANGA',5),(44,'','2020-07-16 12:14:57',1,'CANGALLO',5),(45,'','2020-07-16 12:14:57',1,'HUANCASANCOS',5),(46,'','2020-07-16 12:14:57',1,'HUANTA',5),(47,'','2020-07-16 12:14:57',1,'LAMAR',5),(48,'','2020-07-16 12:14:58',1,'LUCANAS',5),(49,'','2020-07-16 12:14:58',1,'PARINACOCHAS',5),(50,'','2020-07-16 12:14:58',1,'PÀUCAR DEL SARASARA',5),(51,'','2020-07-16 12:14:58',1,'SUCRE',5),(52,'','2020-07-16 12:14:58',1,'VICTOR FAJARDO',5),(53,'','2020-07-16 12:14:58',1,'VILCAS HUAMAN',5),(54,'','2020-07-16 12:14:58',1,'CAJAMARCA',6),(55,'','2020-07-16 12:14:58',1,'CAJABAMBA',6),(56,'','2020-07-16 12:14:59',1,'CELENDIN',6),(57,'','2020-07-16 12:14:59',1,'CHOTA',6),(58,'','2020-07-16 12:14:59',1,'CONTUMAZA',6),(59,'','2020-07-16 12:14:59',1,'CUTERVO',6),(60,'','2020-07-16 12:14:59',1,'HUALGAYOC',6),(61,'','2020-07-16 12:14:59',1,'JAEN',6),(62,'','2020-07-16 12:14:59',1,'SAN IGNACIO',6),(63,'','2020-07-16 12:14:59',1,'SAN MARCOS',6),(64,'','2020-07-16 12:15:00',1,'SAN MIGUEL',6),(65,'','2020-07-16 12:15:00',1,'SAN PABLO',6),(66,'','2020-07-16 12:15:00',1,'SANTA CRUZ',6),(67,'','2020-07-16 12:15:00',1,'PROV. CONST. DEL CALLAO',7),(68,'','2020-07-16 12:15:00',1,'CUSCO',8),(69,'','2020-07-16 12:15:00',1,'ACOMAYO',8),(70,'','2020-07-16 12:15:00',1,'ANTA',8),(71,'','2020-07-16 12:15:00',1,'CALCA',8),(72,'','2020-07-16 12:15:01',1,'CANAS',8),(73,'','2020-07-16 12:15:01',1,'CANCHIS',8),(74,'','2020-07-16 12:15:01',1,'CHUMBIVILCAS',8),(75,'','2020-07-16 12:15:01',1,'ESPINAR',8),(76,'','2020-07-16 12:15:01',1,'LA CONVENCION',8),(77,'','2020-07-16 12:15:01',1,'PARURO',8),(78,'','2020-07-16 12:15:01',1,'PAUCARTAMBO',8),(79,'','2020-07-16 12:15:02',1,'QUISPICANCHI',8),(80,'','2020-07-16 12:15:02',1,'URUBAMBA',8),(81,'','2020-07-16 12:15:02',1,'HUANCAVELICA',9),(82,'','2020-07-16 12:15:02',1,'ACOBAMBA',9),(83,'','2020-07-16 12:15:02',1,'ANGARAES',9),(84,'','2020-07-16 12:15:02',1,'CASTRO VIRREYNA',9),(85,'','2020-07-16 12:15:02',1,'CHURCAMPA',9),(86,'','2020-07-16 12:15:02',1,'HUAYTARA',9),(87,'','2020-07-16 12:15:02',1,'TAYACAJA',9),(88,'','2020-07-16 12:15:03',1,'HUANUCO',10),(89,'','2020-07-16 12:15:03',1,'AMBO',10),(90,'','2020-07-16 12:15:03',1,'DOS DE MAYO',10),(91,'','2020-07-16 12:15:03',1,'HUACAYBAMBA',10),(92,'','2020-07-16 12:15:03',1,'HUAMALIES',10),(93,'','2020-07-16 12:15:03',1,'LEONCIO PRADO',10),(94,'','2020-07-16 12:15:03',1,'MARAÑON',10),(95,'','2020-07-16 12:15:03',1,'PACHITEA',10),(96,'','2020-07-16 12:15:04',1,'PUERTO INCA',10),(97,'','2020-07-16 12:15:04',1,'LAURICOCHA',10),(98,'','2020-07-16 12:15:04',1,'YAROWILCA',10),(99,'','2020-07-16 12:15:04',1,'ICA',11),(100,'','2020-07-16 12:15:04',1,'CHINCHA',11),(101,'','2020-07-16 12:15:04',1,'NASCA',11),(102,'','2020-07-16 12:15:04',1,'PALPA',11),(103,'','2020-07-16 12:15:04',1,'PISCO',11),(104,'','2020-07-16 12:15:05',1,'HUANCAYO',12),(105,'','2020-07-16 12:15:05',1,'CONCEPCION',12),(106,'','2020-07-16 12:15:05',1,'CHANCHAMAYO',12),(107,'','2020-07-16 12:15:05',1,'JAUJA',12),(108,'','2020-07-16 12:15:05',1,'JUNIN',12),(109,'','2020-07-16 12:15:05',1,'SATIPO',12),(110,'','2020-07-16 12:15:05',1,'TARMA',12),(111,'','2020-07-16 12:15:05',1,'YAULI',12),(112,'','2020-07-16 12:15:06',1,'CHUPACA',12),(113,'','2020-07-16 12:15:06',1,'TRUJILLO',13),(114,'','2020-07-16 12:15:06',1,'ASCOPE',13),(115,'','2020-07-16 12:15:06',1,'BOLIVAR',13),(116,'','2020-07-16 12:15:06',1,'CHEPEN',13),(117,'','2020-07-16 12:15:06',1,'JULCAN',13),(118,'','2020-07-16 12:15:06',1,'OTUZCO',13),(119,'','2020-07-16 12:15:07',1,'PACASMAYO',13),(120,'','2020-07-16 12:15:07',1,'PATAZ',13),(121,'','2020-07-16 12:15:07',1,'SANCHEZ CARRION',13),(122,'','2020-07-16 12:15:07',1,'SANTIAGO DE CHUCO',13),(123,'','2020-07-16 12:15:07',1,'GRAN CHIMU',13),(124,'','2020-07-16 12:15:07',1,'VIRU',13),(125,'','2020-07-16 12:15:07',1,'CHICLAYO',14),(126,'','2020-07-16 12:15:07',1,'FERREÑAFE',14),(127,'','2020-07-16 12:15:07',1,'LAMBAYEQUE',14),(128,'','2020-07-16 12:15:08',1,'LIMA',15),(129,'','2020-07-16 12:15:08',1,'BARRANCA',15),(130,'','2020-07-16 12:15:08',1,'CAJATAMBO',15),(131,'','2020-07-16 12:15:08',1,'CANTA',15),(132,'','2020-07-16 12:15:08',1,'CAÑETE',15),(133,'','2020-07-16 12:15:08',1,'HUARAL',15),(134,'','2020-07-16 12:15:08',1,'HUAROCHIRI',15),(135,'','2020-07-16 12:15:08',1,'HUAURA',15),(136,'','2020-07-16 12:15:09',1,'OYON',15),(137,'','2020-07-16 12:15:09',1,'YAUYOS',15),(138,'','2020-07-16 12:15:09',1,'MAYNAS',16),(139,'','2020-07-16 12:15:09',1,'ALTO AMAZONAS',16),(140,'','2020-07-16 12:15:09',1,'LORETO',16),(141,'','2020-07-16 12:15:09',1,'MARISCAL RAMON CASTILLA',16),(142,'','2020-07-16 12:15:09',1,'REQUENA',16),(143,'','2020-07-16 12:15:09',1,'UCAYALI',16),(144,'','2020-07-16 12:15:10',1,'DATEM DEL MARAÑON',16),(145,'','2020-07-16 12:15:10',1,'PUTUMAYO',16),(146,'','2020-07-16 12:15:10',1,'TAMBOPATA',17),(147,'','2020-07-16 12:15:10',1,'MANU',17),(148,'','2020-07-16 12:15:10',1,'TAHUAMANU',17),(149,'','2020-07-16 12:15:10',1,'MARISCAL NIETO',18),(150,'','2020-07-16 12:15:10',1,'GENERAL SANCHEZ CERRO',18),(151,'','2020-07-16 12:15:10',1,'ILO',18),(152,'','2020-07-16 12:15:11',1,'PASCO',19),(153,'','2020-07-16 12:15:11',1,'DANIEL ALCIDES CARRION',19),(154,'','2020-07-16 12:15:11',1,'OXAPAMPA',19),(155,'','2020-07-16 12:15:11',1,'PIURA',20),(156,'','2020-07-16 12:15:11',1,'AYABACA',20),(157,'','2020-07-16 12:15:11',1,'HUANCABAMBA',20),(158,'','2020-07-16 12:15:11',1,'MORROPON',20),(159,'','2020-07-16 12:15:11',1,'PAITA',20),(160,'','2020-07-16 12:15:12',1,'SULLANA',20),(161,'','2020-07-16 12:15:12',1,'TALARA',20),(162,'','2020-07-16 12:15:12',1,'SECHURA',20),(163,'','2020-07-16 12:15:12',1,'PUNO',21),(164,'','2020-07-16 12:15:12',1,'AZANGARO',21),(165,'','2020-07-16 12:15:12',1,'CARABAYA',21),(166,'','2020-07-16 12:15:12',1,'CHUCUITO',21),(167,'','2020-07-16 12:15:12',1,'ELCOLLAO',21),(168,'','2020-07-16 12:15:13',1,'HUANCANE',21),(169,'','2020-07-16 12:15:13',1,'LAMPA',21),(170,'','2020-07-16 12:15:13',1,'MELGAR',21),(171,'','2020-07-16 12:15:13',1,'MOHO',21),(172,'','2020-07-16 12:15:13',1,'SAN ANTONIO DE PUTINA',21),(173,'','2020-07-16 12:15:13',1,'SAN ROMAN',21),(174,'','2020-07-16 12:15:13',1,'SANDIA',21),(175,'','2020-07-16 12:15:13',1,'YUNGUYO',21),(176,'','2020-07-16 12:15:14',1,'MOYOBAMBA',22),(177,'','2020-07-16 12:15:14',1,'BELLAVISTA',22),(178,'','2020-07-16 12:15:14',1,'EL DORADO',22),(179,'','2020-07-16 12:15:14',1,'HUALLAGA',22),(180,'','2020-07-16 12:15:14',1,'LAMAS',22),(181,'','2020-07-16 12:15:15',1,'MARISCAL CACERES',22),(182,'','2020-07-16 12:15:16',1,'PICOTA',22),(183,'','2020-07-16 12:15:16',1,'RIOJA',22),(184,'','2020-07-16 12:15:16',1,'SAN MARTIN',22),(185,'','2020-07-16 12:15:17',1,'TOCACHE',22),(186,'','2020-07-16 12:15:17',1,'TACNA',23),(187,'','2020-07-16 12:15:17',1,'CANDARAVE',23),(188,'','2020-07-16 12:15:17',1,'JORGE BASADRE',23),(189,'','2020-07-16 12:15:17',1,'TARATA',23),(190,'','2020-07-16 12:15:17',1,'TUMBES',24),(191,'','2020-07-16 12:15:18',1,'CONTRALMIRANTE VILLAR',24),(192,'','2020-07-16 12:15:18',1,'ZARUMILLA',24),(193,'','2020-07-16 12:15:18',1,'CORONEL PORTILLO',25),(194,'','2020-07-16 12:15:18',1,'ATALAYA',25),(195,'','2020-07-16 12:15:18',1,'PADRE ABAD',25),(196,'','2020-07-16 12:15:18',1,'PURUS',25);
/*!40000 ALTER TABLE `mae_provincia` ENABLE KEYS */;
UNLOCK TABLES;

--
-- Table structure for table `mae_sub_tipo_empaque`
--

DROP TABLE IF EXISTS `mae_sub_tipo_empaque`;
/*!40101 SET @saved_cs_client     = @@character_set_client */;
/*!50503 SET character_set_client = utf8mb4 */;
CREATE TABLE `mae_sub_tipo_empaque` (
  `id` bigint(20) NOT NULL AUTO_INCREMENT,
  `capacidad` double DEFAULT NULL,
  `fecha_crea` datetime DEFAULT NULL,
  `fecha_modifica` datetime DEFAULT NULL,
  `id_usuario_crea` int(11) DEFAULT NULL,
  `id_usuario_modifica` int(11) DEFAULT NULL,
  `nombre` varchar(255) DEFAULT NULL,
  `estado_id` bigint(20) DEFAULT NULL,
  `estado_cod_tabla_auxiliar` varchar(6) DEFAULT NULL,
  `tipo_empaque_id` bigint(20) DEFAULT NULL,
  `tipo_empaque_cod_tabla_auxiliar` varchar(6) DEFAULT NULL,
  PRIMARY KEY (`id`),
  KEY `FKta0kt2t0i27u9bi0chunvbci6` (`estado_id`,`estado_cod_tabla_auxiliar`),
  KEY `FKsiwqrrt2uqltvk4alqrgl90xh` (`tipo_empaque_id`,`tipo_empaque_cod_tabla_auxiliar`)
) ENGINE=MyISAM AUTO_INCREMENT=4 DEFAULT CHARSET=latin1;
/*!40101 SET character_set_client = @saved_cs_client */;

--
-- Dumping data for table `mae_sub_tipo_empaque`
--

LOCK TABLES `mae_sub_tipo_empaque` WRITE;
/*!40000 ALTER TABLE `mae_sub_tipo_empaque` DISABLE KEYS */;
INSERT INTO `mae_sub_tipo_empaque` VALUES (1,15,'2020-07-16 12:20:36',NULL,1,NULL,'15 KG',1,'ESTGRL',1,'TIPEPQ'),(2,20,'2020-07-16 12:20:36',NULL,1,NULL,'20 KG',1,'ESTGRL',1,'TIPEPQ'),(3,0,'2020-10-08 00:00:00',NULL,1,NULL,'INTEGRAL',1,'ESTGRL',1,'TIPEPQ');
/*!40000 ALTER TABLE `mae_sub_tipo_empaque` ENABLE KEYS */;
UNLOCK TABLES;

--
-- Table structure for table `oco_orden_compra`
--

DROP TABLE IF EXISTS `oco_orden_compra`;
/*!40101 SET @saved_cs_client     = @@character_set_client */;
/*!50503 SET character_set_client = utf8mb4 */;
CREATE TABLE `oco_orden_compra` (
  `id` bigint(20) NOT NULL AUTO_INCREMENT,
  `comprador` varchar(255) DEFAULT NULL,
  `fecha_compra` datetime DEFAULT NULL,
  `fecha_crea` datetime DEFAULT NULL,
  `fecha_modifica` datetime DEFAULT NULL,
  `id_usuario_crea` int(11) DEFAULT NULL,
  `id_usuario_modifica` int(11) DEFAULT NULL,
  `ind_igv` bit(1) DEFAULT NULL,
  `lugar_compra` varchar(255) DEFAULT NULL,
  `nro_orden` varchar(255) DEFAULT NULL,
  `total` double DEFAULT NULL,
  `estado_orden_compra_id` bigint(20) DEFAULT NULL,
  `estado_orden_compra_cod_tabla_auxiliar` varchar(6) DEFAULT NULL,
  `moneda_id` bigint(20) DEFAULT NULL,
  `moneda_cod_tabla_auxiliar` varchar(6) DEFAULT NULL,
  `proveedor_id` bigint(20) DEFAULT NULL,
  `tipo_compra_id` bigint(20) DEFAULT NULL,
  `tipo_compra_cod_tabla_auxiliar` varchar(6) DEFAULT NULL,
  `tipo_orden_id` bigint(20) DEFAULT NULL,
  `tipo_orden_cod_tabla_auxiliar` varchar(6) DEFAULT NULL,
  PRIMARY KEY (`id`),
  KEY `FK6563ht12yu4n6et83jt337vay` (`estado_orden_compra_id`,`estado_orden_compra_cod_tabla_auxiliar`),
  KEY `FKtejmj4749y714ahtp8f2k5xeu` (`moneda_id`,`moneda_cod_tabla_auxiliar`),
  KEY `FK5bg2lllto6sncf5opcugdiqu9` (`proveedor_id`),
  KEY `FKs1actfnr7rcadasl62v80tqpg` (`tipo_compra_id`,`tipo_compra_cod_tabla_auxiliar`),
  KEY `FKh4g6j7l1lt359iaxh321gl403` (`tipo_orden_id`,`tipo_orden_cod_tabla_auxiliar`)
) ENGINE=MyISAM AUTO_INCREMENT=75 DEFAULT CHARSET=latin1;
/*!40101 SET character_set_client = @saved_cs_client */;

--
-- Dumping data for table `oco_orden_compra`
--

LOCK TABLES `oco_orden_compra` WRITE;
/*!40000 ALTER TABLE `oco_orden_compra` DISABLE KEYS */;
INSERT INTO `oco_orden_compra` VALUES (1,'jrivera','2020-01-01 09:30:00','2020-06-29 20:04:34',NULL,1,NULL,_binary '\0','MALA','0001-20',800,2,'ESTOCO',1,'TIPMON',1,1,'TIPOFE',1,'TIPOCO'),(2,'jrivera','2020-01-14 16:30:00','2020-06-29 20:04:35',NULL,1,NULL,_binary '','CANETE','0002-20',340.2,1,'ESTOCO',1,'TIPMON',1,1,'TIPOFE',1,'TIPOCO'),(3,'jrivera','2020-02-23 10:45:00','2020-06-29 20:04:35',NULL,1,NULL,_binary '\0','LIMA','0003-20',1000.45,1,'ESTOCO',1,'TIPMON',2,1,'TIPOFE',1,'TIPOCO'),(10,'jrivera','2020-06-01 18:31:00','2020-06-30 19:34:11',NULL,1,NULL,NULL,'LIMA','0004-20',425,3,'ESTOCO',1,'TIPMON',1,1,'TIPOFE',1,'TIPOCO'),(11,'jrivera','2020-07-01 11:34:00','2020-07-01 11:36:20',NULL,1,NULL,NULL,'CANETE','0005-20',709.5999999999999,3,'ESTOCO',1,'TIPMON',2,1,'TIPOFE',1,'TIPOCO'),(12,'jrivera','2020-07-08 12:58:00','2020-07-16 13:00:03',NULL,1,NULL,_binary '\0','LIMA','0006-20',285.2,2,'ESTOCO',1,'TIPMON',2,1,'TIPOFE',1,'TIPOCO'),(73,'JRIVERA','2020-09-28 17:15:00','2020-09-28 17:17:54',NULL,1,NULL,_binary '\0','lims','0012-20',300,2,'ESTOCO',1,'TIPMON',8,1,'TIPOFE',1,'TIPOCO'),(72,'JRIVERA','2020-09-28 17:13:00','2020-09-28 16:26:12',NULL,1,NULL,_binary '\0','LIMA 034','0011-20',119,2,'ESTOCO',1,'TIPMON',1,1,'TIPOFE',1,'TIPOCO'),(68,'jrivera','2020-08-05 13:06:00','2020-08-05 13:34:12',NULL,1,NULL,_binary '\0','CANETE','0007-20',70,2,'ESTOCO',1,'TIPMON',1,1,'TIPOFE',1,'TIPOCO'),(69,'jrivera','2020-09-15 11:00:00','2020-09-23 11:25:20',NULL,1,NULL,_binary '\0','LIMA','0008-20',121,3,'ESTOCO',1,'TIPMON',3,1,'TIPOFE',1,'TIPOCO'),(70,'jrivera','2020-09-15 11:41:00','2020-09-23 11:42:58',NULL,1,NULL,_binary '\0','LIMA','0009-20',121,3,'ESTOCO',1,'TIPMON',8,1,'TIPOFE',1,'TIPOCO'),(71,'JRIVERA','2020-09-23 16:13:00','2020-09-23 16:26:33',NULL,1,NULL,_binary '\0','norte','0010-20',31.5,2,'ESTOCO',1,'TIPMON',8,1,'TIPOFE',1,'TIPOCO'),(74,'JRIVERA','2020-09-28 17:18:00','2020-09-28 17:19:50',NULL,1,NULL,_binary '\0','LIMA 034','0013-20',300,2,'ESTOCO',1,'TIPMON',8,1,'TIPOFE',1,'TIPOCO');
/*!40000 ALTER TABLE `oco_orden_compra` ENABLE KEYS */;
UNLOCK TABLES;

--
-- Table structure for table `oco_orden_compra_detalle`
--

DROP TABLE IF EXISTS `oco_orden_compra_detalle`;
/*!40101 SET @saved_cs_client     = @@character_set_client */;
/*!50503 SET character_set_client = utf8mb4 */;
CREATE TABLE `oco_orden_compra_detalle` (
  `id` bigint(20) NOT NULL AUTO_INCREMENT,
  `igv` double DEFAULT NULL,
  `cantidad_adicional` double DEFAULT NULL,
  `cantidad_fruta` double DEFAULT NULL,
  `descuento` double DEFAULT NULL,
  `fecha_arribo` datetime DEFAULT NULL,
  `fecha_crea` datetime DEFAULT NULL,
  `fecha_modifica` datetime DEFAULT NULL,
  `fecha_pago` date DEFAULT NULL,
  `foto_embalaje` varchar(255) DEFAULT NULL,
  `foto_merma` varchar(255) DEFAULT NULL,
  `id_usuario_crea` int(11) DEFAULT NULL,
  `id_usuario_modifica` int(11) DEFAULT NULL,
  `ind_adicional` bit(1) DEFAULT NULL,
  `ind_individualizar` bit(1) DEFAULT NULL,
  `ind_merma` bit(1) DEFAULT NULL,
  `observacion` varchar(255) DEFAULT NULL,
  `precio_total` double DEFAULT NULL,
  `precio_total_descuento` double DEFAULT NULL,
  `precio_total_igv` double DEFAULT NULL,
  `precio_unitario` double DEFAULT NULL,
  `procedencia` varchar(255) DEFAULT NULL,
  `responsable_pago` varchar(255) DEFAULT NULL,
  `categoria_fruta_id` bigint(20) DEFAULT NULL,
  `categoria_fruta_cod_tabla_auxiliar` varchar(6) DEFAULT NULL,
  `estado_fruta_id` bigint(20) DEFAULT NULL,
  `estado_fruta_cod_tabla_auxiliar` varchar(6) DEFAULT NULL,
  `forma_pago_id` bigint(20) DEFAULT NULL,
  `forma_pago_cod_tabla_auxiliar` varchar(6) DEFAULT NULL,
  `fruta_id` bigint(20) DEFAULT NULL,
  `fruta_variedad_id` bigint(20) DEFAULT NULL,
  `tamano_fruta_id` bigint(20) DEFAULT NULL,
  `tamano_fruta_cod_tabla_auxiliar` varchar(6) DEFAULT NULL,
  `tipo_adicional_id` bigint(20) DEFAULT NULL,
  `tipo_adicional_cod_tabla_auxiliar` varchar(6) DEFAULT NULL,
  `unidad_compra_id` bigint(20) DEFAULT NULL,
  `unidad_compra_cod_tabla_auxiliar` varchar(6) DEFAULT NULL,
  `orden_compra_id` bigint(20) DEFAULT NULL,
  PRIMARY KEY (`id`),
  KEY `FK6frq9o0yr7jwx9xwtt4wxum9t` (`categoria_fruta_id`,`categoria_fruta_cod_tabla_auxiliar`),
  KEY `FKr5yj2adox26ga1chugu60w9dp` (`estado_fruta_id`,`estado_fruta_cod_tabla_auxiliar`),
  KEY `FKr8tk588ph7t1xb89f9qwrsf0d` (`forma_pago_id`,`forma_pago_cod_tabla_auxiliar`),
  KEY `FKdll4d26s25jouv8etvtx9dj33` (`fruta_id`),
  KEY `FKkhcxo78ux709bk9frq5pe25bd` (`fruta_variedad_id`),
  KEY `FKgtba1w1ud9exl4bqc84yv23cr` (`tamano_fruta_id`,`tamano_fruta_cod_tabla_auxiliar`),
  KEY `FKbnrlnf61dguruql1u7jxsijpv` (`tipo_adicional_id`,`tipo_adicional_cod_tabla_auxiliar`),
  KEY `FKerbhj8sfi28c99fkj97xolewm` (`unidad_compra_id`,`unidad_compra_cod_tabla_auxiliar`),
  KEY `FK7jvr9g669cafh8uafpimo9qnb` (`orden_compra_id`)
) ENGINE=MyISAM AUTO_INCREMENT=76 DEFAULT CHARSET=latin1;
/*!40101 SET character_set_client = @saved_cs_client */;

--
-- Dumping data for table `oco_orden_compra_detalle`
--

LOCK TABLES `oco_orden_compra_detalle` WRITE;
/*!40000 ALTER TABLE `oco_orden_compra_detalle` DISABLE KEYS */;
INSERT INTO `oco_orden_compra_detalle` VALUES (1,0,0,1,0,'2020-02-01 14:00:00','2020-06-29 20:27:01',NULL,NULL,NULL,NULL,1,NULL,_binary '\0',_binary '',_binary '\0','',34.5,34.5,34.5,34.5,'LIMA',NULL,1,'CATFRU',1,'ESTFRU',1,'FORPAG',2,2,2,'TAMFRU',NULL,NULL,1,'UNICOM',1),(2,0,2,2,0,'2020-02-01 14:00:00','2020-06-29 20:27:02',NULL,NULL,NULL,NULL,1,NULL,_binary '',_binary '\0',_binary '\0','',24,24,24,12,'LIMA',NULL,2,'CATFRU',1,'ESTFRU',1,'FORPAG',8,11,1,'TAMFRU',2,'TIPADI',1,'UNICOM',1),(3,0,0,3,10,'2020-02-01 14:00:00','2020-06-29 20:27:02',NULL,NULL,NULL,NULL,1,NULL,_binary '\0',_binary '\0',_binary '\0','',60,50,50,15,'LIMA',NULL,1,'CATFRU',1,'ESTFRU',1,'FORPAG',10,16,1,'TAMFRU',NULL,NULL,1,'UNICOM',1),(11,0,0,34,0,NULL,'2020-06-30 19:34:13',NULL,NULL,NULL,NULL,NULL,NULL,_binary '\0',_binary '',_binary '\0',NULL,425,425,425,12.5,'LIMA',NULL,1,'CATFRU',2,'ESTFRU',1,'FORPAG',10,15,1,'TAMFRU',NULL,NULL,1,'UNICOM',10),(12,0,0,33,0,NULL,'2020-07-01 11:36:20',NULL,NULL,NULL,NULL,NULL,NULL,_binary '\0',_binary '',_binary '\0',NULL,396,396,396,12,NULL,NULL,2,'CATFRU',2,'ESTFRU',1,'FORPAG',3,5,2,'TAMFRU',NULL,NULL,1,'UNICOM',11),(13,0,0,14,0,NULL,'2020-07-01 11:36:21',NULL,NULL,NULL,NULL,NULL,NULL,_binary '\0',_binary '',_binary '\0',NULL,313.59999999999997,313.59999999999997,313.59999999999997,22.4,'LIMA',NULL,1,'CATFRU',NULL,NULL,1,'FORPAG',9,14,NULL,NULL,NULL,NULL,1,'UNICOM',11),(14,0,0,23,0,NULL,'2020-07-16 13:00:03',NULL,NULL,'',NULL,NULL,NULL,_binary '\0',_binary '',_binary '\0',NULL,285.2,285.2,285.2,12.4,'lima',NULL,0,'CATFRU',2,'ESTFRU',1,'FORPAG',8,12,2,'TAMFRU',NULL,NULL,1,'UNICOM',12),(73,0,0,20,0,NULL,'2020-09-28 16:26:12',NULL,NULL,NULL,NULL,NULL,NULL,_binary '\0',_binary '\0',_binary '\0',NULL,60,60,60,3,'lima',NULL,0,'CATFRU',2,'ESTFRU',1,'FORPAG',8,11,3,'TAMFRU',NULL,NULL,1,'UNICOM',72),(72,0,1,30,1,NULL,'2020-09-28 16:26:12',NULL,'2020-10-02',NULL,NULL,NULL,NULL,_binary '\0',_binary '',_binary '\0','SE ESTA REALIZANDO UNA COMPRA',60,59,59,2,'LIMA','JRIVERA',0,'CATFRU',2,'ESTFRU',2,'FORPAG',3,5,2,'TAMFRU',3,'TIPADI',1,'UNICOM',72),(68,0,0,20,0,NULL,'2020-08-05 13:34:12',NULL,NULL,NULL,NULL,NULL,NULL,_binary '\0',_binary '\0',_binary '\0','',70,70,70,3.5,'',NULL,1,'CATFRU',1,'ESTFRU',1,'FORPAG',8,12,4,'TAMFRU',NULL,NULL,1,'UNICOM',68),(69,0,0,11,0,'2020-09-14 11:00:00','2020-09-23 11:25:20',NULL,NULL,NULL,NULL,NULL,NULL,_binary '\0',_binary '',_binary '',NULL,121,121,121,11,'lima',NULL,1,'CATFRU',2,'ESTFRU',1,'FORPAG',8,12,2,'TAMFRU',NULL,NULL,1,'UNICOM',69),(70,0,0,11,0,'2020-09-23 11:41:00','2020-09-23 11:42:58',NULL,NULL,NULL,NULL,NULL,NULL,_binary '\0',_binary '',_binary '\0',NULL,121,121,121,11,NULL,NULL,0,'CATFRU',NULL,NULL,1,'FORPAG',8,12,NULL,NULL,NULL,NULL,1,'UNICOM',70),(71,0,0,7,0,'2020-09-23 16:13:00','2020-09-23 16:26:33',NULL,NULL,NULL,NULL,NULL,NULL,_binary '\0',_binary '',_binary '\0',NULL,31.5,31.5,31.5,4.5,NULL,NULL,0,'CATFRU',NULL,NULL,1,'FORPAG',8,12,NULL,NULL,NULL,NULL,1,'UNICOM',71),(74,0,0,100,0,NULL,'2020-09-28 17:17:54',NULL,NULL,NULL,NULL,NULL,NULL,_binary '\0',_binary '\0',_binary '\0',NULL,300,300,300,3,NULL,NULL,0,'CATFRU',2,'ESTFRU',1,'FORPAG',6,8,3,'TAMFRU',NULL,NULL,1,'UNICOM',73),(75,0,0,100,0,'2020-09-29 17:18:00','2020-09-28 17:19:50',NULL,NULL,NULL,NULL,NULL,NULL,_binary '\0',_binary '\0',_binary '',NULL,300,300,300,3,NULL,NULL,0,'CATFRU',2,'ESTFRU',1,'FORPAG',6,8,3,'TAMFRU',NULL,NULL,1,'UNICOM',74);
/*!40000 ALTER TABLE `oco_orden_compra_detalle` ENABLE KEYS */;
UNLOCK TABLES;

--
-- Table structure for table `oco_orden_compra_empaquetado`
--

DROP TABLE IF EXISTS `oco_orden_compra_empaquetado`;
/*!40101 SET @saved_cs_client     = @@character_set_client */;
/*!50503 SET character_set_client = utf8mb4 */;
CREATE TABLE `oco_orden_compra_empaquetado` (
  `id` bigint(20) NOT NULL AUTO_INCREMENT,
  `fecha_crea` datetime DEFAULT NULL,
  `fecha_modifica` datetime DEFAULT NULL,
  `id_usuario_crea` int(11) DEFAULT NULL,
  `id_usuario_modifica` int(11) DEFAULT NULL,
  `identificador` varchar(255) DEFAULT NULL,
  `observacion` varchar(255) DEFAULT NULL,
  `peso_compra` double DEFAULT NULL,
  `peso_merma1` double DEFAULT NULL,
  `peso_merma2` double DEFAULT NULL,
  `peso_recepcion` double DEFAULT NULL,
  `almacen_id` bigint(20) DEFAULT NULL,
  `categoria_merma1_id` bigint(20) DEFAULT NULL,
  `categoria_merma1_cod_tabla_auxiliar` varchar(6) DEFAULT NULL,
  `categoria_merma2_id` bigint(20) DEFAULT NULL,
  `categoria_merma2_cod_tabla_auxiliar` varchar(6) DEFAULT NULL,
  `motivo_no_ingreso_id` bigint(20) DEFAULT NULL,
  `motivo_no_ingreso_cod_tabla_auxiliar` varchar(6) DEFAULT NULL,
  `sub_tipo_empaque_id` bigint(20) DEFAULT NULL,
  `orden_compra_detalle_id` bigint(20) DEFAULT NULL,
  PRIMARY KEY (`id`),
  KEY `FKrbmsqxmytqitqhg3xo92g2eiu` (`almacen_id`),
  KEY `FK9p02pnam6i947ea4uvm7xfu8t` (`categoria_merma1_id`,`categoria_merma1_cod_tabla_auxiliar`),
  KEY `FK6mqxn0nh2m5cigoavjy8599kw` (`categoria_merma2_id`,`categoria_merma2_cod_tabla_auxiliar`),
  KEY `FK7uxlhubk04jwri527ec04m0ca` (`motivo_no_ingreso_id`,`motivo_no_ingreso_cod_tabla_auxiliar`),
  KEY `FKadlgrsf6l3lu72avqy0ujq282` (`sub_tipo_empaque_id`),
  KEY `FKdtj1sdx1kwjvnsy8qpfxwatj6` (`orden_compra_detalle_id`)
) ENGINE=MyISAM AUTO_INCREMENT=84 DEFAULT CHARSET=latin1;
/*!40101 SET character_set_client = @saved_cs_client */;

--
-- Dumping data for table `oco_orden_compra_empaquetado`
--

LOCK TABLES `oco_orden_compra_empaquetado` WRITE;
/*!40000 ALTER TABLE `oco_orden_compra_empaquetado` DISABLE KEYS */;
INSERT INTO `oco_orden_compra_empaquetado` VALUES (1,'2020-06-30 19:34:14',NULL,NULL,NULL,'0004-01-20',NULL,12.4,NULL,NULL,2,3,NULL,NULL,NULL,NULL,NULL,NULL,1,11),(2,'2020-06-30 19:34:14',NULL,NULL,NULL,'0004-02-20',NULL,8.67,NULL,NULL,3,3,NULL,NULL,NULL,NULL,NULL,NULL,2,11),(3,'2020-06-30 19:34:14',NULL,NULL,NULL,'0004-03-20',NULL,14.23,NULL,NULL,3,3,NULL,NULL,NULL,NULL,NULL,NULL,1,11),(4,'2020-07-01 11:36:20',NULL,NULL,NULL,'0005-01-20',NULL,12.4,NULL,NULL,12,3,NULL,NULL,NULL,NULL,NULL,NULL,1,12),(5,'2020-07-01 11:36:21',NULL,NULL,NULL,'0005-02-20',NULL,10,NULL,NULL,8,3,NULL,NULL,NULL,NULL,NULL,NULL,2,12),(6,'2020-07-01 11:36:21',NULL,NULL,NULL,'0005-01-20',NULL,15,NULL,NULL,15,3,NULL,NULL,NULL,NULL,NULL,NULL,2,13),(7,'2020-07-01 11:36:21',NULL,NULL,NULL,'0005-02-20',NULL,3,NULL,NULL,2,3,NULL,NULL,NULL,NULL,NULL,NULL,1,13),(8,'2020-07-01 11:36:21',NULL,NULL,NULL,'0005-03-20',NULL,14,NULL,NULL,14,3,NULL,NULL,NULL,NULL,NULL,NULL,1,13),(9,'2020-07-01 11:36:21',NULL,NULL,NULL,'0005-04-20',NULL,11,NULL,NULL,7,3,NULL,NULL,NULL,NULL,NULL,NULL,2,13),(10,'2020-07-01 11:36:21',NULL,NULL,NULL,'0005-05-20',NULL,9.34,NULL,NULL,2,3,NULL,NULL,NULL,NULL,NULL,NULL,1,13),(11,'2020-07-16 13:00:03',NULL,NULL,NULL,NULL,NULL,14.5,NULL,NULL,NULL,3,NULL,NULL,NULL,NULL,NULL,NULL,1,14),(12,'2020-07-16 13:00:03',NULL,NULL,NULL,NULL,NULL,10.3,NULL,NULL,NULL,3,NULL,NULL,NULL,NULL,NULL,NULL,2,14),(70,'2020-09-23 11:25:20',NULL,NULL,NULL,'0008-81-01-20',NULL,11,1,0,10,3,2,'CATFRU',NULL,NULL,NULL,NULL,1,69),(69,'2020-08-05 13:34:12',NULL,NULL,NULL,NULL,NULL,5,0,0,0,NULL,NULL,NULL,NULL,NULL,NULL,NULL,NULL,68),(68,'2020-08-05 13:34:12',NULL,NULL,NULL,NULL,NULL,5,0,0,0,NULL,NULL,NULL,NULL,NULL,NULL,NULL,NULL,68),(66,'2020-08-05 13:34:12',NULL,NULL,NULL,NULL,NULL,5,0,0,0,NULL,NULL,NULL,NULL,NULL,NULL,NULL,NULL,68),(67,'2020-08-05 13:34:12',NULL,NULL,NULL,NULL,NULL,5,0,0,0,NULL,NULL,NULL,NULL,NULL,NULL,NULL,NULL,68),(71,'2020-09-23 11:42:58',NULL,NULL,NULL,'0009-80-01-20',NULL,11,0,0,11,3,NULL,NULL,NULL,NULL,NULL,NULL,1,70),(72,'2020-09-23 16:26:33',NULL,NULL,NULL,'0010-80-01-20',NULL,4,0,0,4,3,NULL,NULL,NULL,NULL,NULL,NULL,1,71),(73,'2020-09-23 16:26:33',NULL,NULL,NULL,'0010-80-02-20',NULL,3,0,0,3,3,NULL,NULL,NULL,NULL,NULL,NULL,1,71),(74,'2020-09-28 16:26:12',NULL,NULL,NULL,NULL,NULL,14,0,0,0,3,NULL,NULL,NULL,NULL,NULL,NULL,1,72),(75,'2020-09-28 16:26:12',NULL,NULL,NULL,NULL,NULL,17,0,0,0,3,NULL,NULL,NULL,NULL,NULL,NULL,2,72),(76,'2020-09-28 16:26:12',NULL,NULL,NULL,NULL,NULL,10,0,0,0,NULL,NULL,NULL,NULL,NULL,NULL,NULL,NULL,73),(77,'2020-09-28 16:26:12',NULL,NULL,NULL,NULL,NULL,10,0,0,0,NULL,NULL,NULL,NULL,NULL,NULL,NULL,NULL,73),(78,'2020-09-28 17:17:54',NULL,NULL,NULL,NULL,NULL,20,0,0,0,NULL,NULL,NULL,NULL,NULL,NULL,NULL,NULL,74),(79,'2020-09-28 17:17:54',NULL,NULL,NULL,NULL,NULL,20,0,0,0,NULL,NULL,NULL,NULL,NULL,NULL,NULL,NULL,74),(80,'2020-09-28 17:17:54',NULL,NULL,NULL,NULL,NULL,20,0,0,0,NULL,NULL,NULL,NULL,NULL,NULL,NULL,NULL,74),(81,'2020-09-28 17:17:54',NULL,NULL,NULL,NULL,NULL,20,0,0,0,NULL,NULL,NULL,NULL,NULL,NULL,NULL,NULL,74),(82,'2020-09-28 17:17:54',NULL,NULL,NULL,NULL,NULL,20,0,0,0,NULL,NULL,NULL,NULL,NULL,NULL,NULL,NULL,74),(83,'2020-09-28 17:19:50',NULL,NULL,NULL,'0013-60-01-20',NULL,100,3,0,100,3,1,'CATFRU',NULL,NULL,NULL,NULL,NULL,75);
/*!40000 ALTER TABLE `oco_orden_compra_empaquetado` ENABLE KEYS */;
UNLOCK TABLES;

--
-- Table structure for table `ove_orden_venta`
--

DROP TABLE IF EXISTS `ove_orden_venta`;
/*!40101 SET @saved_cs_client     = @@character_set_client */;
/*!50503 SET character_set_client = utf8mb4 */;
CREATE TABLE `ove_orden_venta` (
  `id` bigint(20) NOT NULL AUTO_INCREMENT,
  `fecha_crea` datetime DEFAULT NULL,
  `fecha_modifica` datetime DEFAULT NULL,
  `fecha_venta` datetime DEFAULT NULL,
  `id_usuario_crea` int(11) DEFAULT NULL,
  `id_usuario_modifica` int(11) DEFAULT NULL,
  `ind_igv` bit(1) DEFAULT NULL,
  `nombre_cliente` varchar(255) DEFAULT NULL,
  `nro_orden` varchar(255) DEFAULT NULL,
  `total` double DEFAULT NULL,
  `vendedor` varchar(255) DEFAULT NULL,
  `almacen_id` bigint(20) DEFAULT NULL,
  `cliente_id` bigint(20) DEFAULT NULL,
  `estado_orden_venta_id` bigint(20) DEFAULT NULL,
  `estado_orden_venta_cod_tabla_auxiliar` varchar(6) DEFAULT NULL,
  `forma_pago_venta_id` bigint(20) DEFAULT NULL,
  `forma_pago_venta_cod_tabla_auxiliar` varchar(6) DEFAULT NULL,
  `moneda_id` bigint(20) DEFAULT NULL,
  `moneda_cod_tabla_auxiliar` varchar(6) DEFAULT NULL,
  `tipo_cliente_id` bigint(20) DEFAULT NULL,
  `tipo_cliente_cod_tabla_auxiliar` varchar(6) DEFAULT NULL,
  `tipo_orden_venta_id` bigint(20) DEFAULT NULL,
  `tipo_orden_venta_cod_tabla_auxiliar` varchar(6) DEFAULT NULL,
  `tipo_venta_id` bigint(20) DEFAULT NULL,
  `tipo_venta_cod_tabla_auxiliar` varchar(6) DEFAULT NULL,
  PRIMARY KEY (`id`),
  KEY `FKeycu7b08kqtpnr3bd03j660j0` (`almacen_id`),
  KEY `FK1f1e08lf3fa8v58x694bu7e1j` (`cliente_id`),
  KEY `FKfvihat3u7hb0gea8u1hoyy1h` (`estado_orden_venta_id`,`estado_orden_venta_cod_tabla_auxiliar`),
  KEY `FKqasbhq3w36t12ii87xq5fj1q6` (`forma_pago_venta_id`,`forma_pago_venta_cod_tabla_auxiliar`),
  KEY `FK8l76osqh9u45jis1fmh4toloa` (`moneda_id`,`moneda_cod_tabla_auxiliar`),
  KEY `FK5v4bi2jnl1al7eusgenewex8h` (`tipo_cliente_id`,`tipo_cliente_cod_tabla_auxiliar`),
  KEY `FKdlow0698w3ntcv2fas6rx7ltp` (`tipo_orden_venta_id`,`tipo_orden_venta_cod_tabla_auxiliar`),
  KEY `FK5y098hyrpb9nyg3fukty9n47l` (`tipo_venta_id`,`tipo_venta_cod_tabla_auxiliar`)
) ENGINE=MyISAM AUTO_INCREMENT=8 DEFAULT CHARSET=latin1;
/*!40101 SET character_set_client = @saved_cs_client */;

--
-- Dumping data for table `ove_orden_venta`
--

LOCK TABLES `ove_orden_venta` WRITE;
/*!40000 ALTER TABLE `ove_orden_venta` DISABLE KEYS */;
INSERT INTO `ove_orden_venta` VALUES (1,'2020-07-16 12:21:17',NULL,'2020-07-16 12:21:17',1,NULL,_binary '\0','MERCADO DE FRUTAS','0001-20',1900,'jrivera',1,NULL,2,'ESTOVE',1,'FORPGV',1,'TIPMON',2,'TIPCLI',1,'TIPOVE',1,'TIPOFE'),(2,'2020-07-16 12:21:18',NULL,'2020-07-16 12:21:18',1,NULL,_binary '\0','AURELIO FUENTES','0002-20',2100,'jrivera',1,1,2,'ESTOVE',2,'FORPGV',1,'TIPMON',1,'TIPCLI',1,'TIPOVE',1,'TIPOFE'),(3,'2020-07-16 12:21:18',NULL,'2020-07-16 12:21:18',1,NULL,_binary '\0','HUMBERTO CASAS','0003-20',2200,'jrivera',1,NULL,3,'ESTOVE',1,'FORPGV',1,'TIPMON',3,'TIPCLI',1,'TIPOVE',1,'TIPOFE'),(4,'2020-09-23 11:29:08',NULL,'2020-09-23 11:27:00',1,NULL,_binary '\0','cliente1','0004-20',143,'jrivera',3,NULL,3,'ESTOVE',1,'FORPGV',1,'TIPMON',3,'TIPCLI',1,'TIPOVE',1,'TIPOFE'),(5,'2020-09-23 11:47:42',NULL,'2020-09-23 11:45:00',1,NULL,_binary '\0','cliente','0005-20',121,'JRIVERA',3,NULL,2,'ESTOVE',1,'FORPGV',1,'TIPMON',3,'TIPCLI',1,'TIPOVE',1,'TIPOFE'),(6,'2020-09-23 16:54:14',NULL,'2020-09-22 16:40:00',1,NULL,_binary '\0','cliente','0006-20',180,'JRIVERA',3,NULL,3,'ESTOVE',1,'FORPGV',1,'TIPMON',3,'TIPCLI',1,'TIPOVE',1,'TIPOFE'),(7,'2020-09-28 16:51:00',NULL,'2020-09-28 16:37:00',1,NULL,_binary '','MAYORISTA','0006-20',86.6,'jrivera',3,NULL,2,'ESTOVE',1,'FORPGV',1,'TIPMON',2,'TIPCLI',1,'TIPOVE',1,'TIPOFE');
/*!40000 ALTER TABLE `ove_orden_venta` ENABLE KEYS */;
UNLOCK TABLES;

--
-- Table structure for table `ove_orden_venta_detalle`
--

DROP TABLE IF EXISTS `ove_orden_venta_detalle`;
/*!40101 SET @saved_cs_client     = @@character_set_client */;
/*!50503 SET character_set_client = utf8mb4 */;
CREATE TABLE `ove_orden_venta_detalle` (
  `id` bigint(20) NOT NULL AUTO_INCREMENT,
  `igv` double DEFAULT NULL,
  `cantidad_fruta` double DEFAULT NULL,
  `descuento` double DEFAULT NULL,
  `fecha_crea` datetime DEFAULT NULL,
  `fecha_modifica` datetime DEFAULT NULL,
  `id_usuario_crea` int(11) DEFAULT NULL,
  `id_usuario_modifica` int(11) DEFAULT NULL,
  `observacion` varchar(255) DEFAULT NULL,
  `precio_total` double DEFAULT NULL,
  `precio_total_descuento` double DEFAULT NULL,
  `precio_total_igv` double DEFAULT NULL,
  `precio_unitario` double DEFAULT NULL,
  `categoria_fruta_id` bigint(20) DEFAULT NULL,
  `categoria_fruta_cod_tabla_auxiliar` varchar(6) DEFAULT NULL,
  `fruta_id` bigint(20) DEFAULT NULL,
  `fruta_variedad_id` bigint(20) DEFAULT NULL,
  `tamano_fruta_id` bigint(20) DEFAULT NULL,
  `tamano_fruta_cod_tabla_auxiliar` varchar(6) DEFAULT NULL,
  `unidad_venta_id` bigint(20) DEFAULT NULL,
  `unidad_venta_cod_tabla_auxiliar` varchar(6) DEFAULT NULL,
  `orden_venta_id` bigint(20) DEFAULT NULL,
  PRIMARY KEY (`id`),
  KEY `FKmdn4q95ma5phrxskisd4u90l0` (`categoria_fruta_id`,`categoria_fruta_cod_tabla_auxiliar`),
  KEY `FKgjn5aoee0ffml88g5w987u6cl` (`fruta_id`),
  KEY `FK9wcbgkq3yhpdt1pxygp8m6c3x` (`fruta_variedad_id`),
  KEY `FKrhpwnio30cf67rwpvramamy3x` (`tamano_fruta_id`,`tamano_fruta_cod_tabla_auxiliar`),
  KEY `FK2q8qsfhivhcgh27wjsc8ofrgh` (`unidad_venta_id`,`unidad_venta_cod_tabla_auxiliar`),
  KEY `FKlmyvyvb9wdex6m4igy5c00kpb` (`orden_venta_id`)
) ENGINE=MyISAM AUTO_INCREMENT=6 DEFAULT CHARSET=latin1;
/*!40101 SET character_set_client = @saved_cs_client */;

--
-- Dumping data for table `ove_orden_venta_detalle`
--

LOCK TABLES `ove_orden_venta_detalle` WRITE;
/*!40000 ALTER TABLE `ove_orden_venta_detalle` DISABLE KEYS */;
INSERT INTO `ove_orden_venta_detalle` VALUES (1,0,11,0,'2020-09-23 11:29:08',NULL,NULL,NULL,NULL,143,143,143,13,1,'CATFRU',8,12,2,'TAMFRU',1,'UNICOM',4),(2,0,11,0,'2020-09-23 11:47:42',NULL,NULL,NULL,NULL,121,121,121,11,0,'CATFRU',8,12,NULL,NULL,1,'UNICOM',5),(3,0,15,0,'2020-09-23 16:54:14',NULL,NULL,NULL,NULL,180,180,180,12,1,'CATFRU',8,12,NULL,NULL,1,'UNICOM',6),(4,6.3,10,0,'2020-09-28 16:51:00',NULL,NULL,NULL,NULL,35,35,41.3,3.5,0,'CATFRU',8,11,4,'TAMFRU',1,'UNICOM',7),(5,9.287999999999998,12,0,'2020-09-28 16:51:00',NULL,NULL,NULL,NULL,51.599999999999994,51.599999999999994,60.88799999999999,4.3,0,'CATFRU',3,5,3,'TAMFRU',1,'UNICOM',7);
/*!40000 ALTER TABLE `ove_orden_venta_detalle` ENABLE KEYS */;
UNLOCK TABLES;

--
-- Table structure for table `ove_orden_venta_empaquetado`
--

DROP TABLE IF EXISTS `ove_orden_venta_empaquetado`;
/*!40101 SET @saved_cs_client     = @@character_set_client */;
/*!50503 SET character_set_client = utf8mb4 */;
CREATE TABLE `ove_orden_venta_empaquetado` (
  `id` bigint(20) NOT NULL AUTO_INCREMENT,
  `cantidad_vendida` double DEFAULT NULL,
  `codigo_jaba` varchar(255) DEFAULT NULL,
  `observacion` varchar(255) DEFAULT NULL,
  `orden_venta_detalle_id` bigint(20) DEFAULT NULL,
  PRIMARY KEY (`id`),
  KEY `FKo853gktelygsr7b3dvnucq105` (`orden_venta_detalle_id`)
) ENGINE=MyISAM AUTO_INCREMENT=7 DEFAULT CHARSET=latin1;
/*!40101 SET character_set_client = @saved_cs_client */;

--
-- Dumping data for table `ove_orden_venta_empaquetado`
--

LOCK TABLES `ove_orden_venta_empaquetado` WRITE;
/*!40000 ALTER TABLE `ove_orden_venta_empaquetado` DISABLE KEYS */;
INSERT INTO `ove_orden_venta_empaquetado` VALUES (1,11,'0008-81-01-20','observacion',1),(2,11,'0008-81-01-20','obs',2),(3,10,'0010-80-01-20','',3),(4,5,'0010-80-02-20',NULL,3),(5,10,'0009-80-01-20','',4),(6,12,'0005-01-20',NULL,5);
/*!40000 ALTER TABLE `ove_orden_venta_empaquetado` ENABLE KEYS */;
UNLOCK TABLES;

--
-- Table structure for table `seg_rol`
--

DROP TABLE IF EXISTS `seg_rol`;
/*!40101 SET @saved_cs_client     = @@character_set_client */;
/*!50503 SET character_set_client = utf8mb4 */;
CREATE TABLE `seg_rol` (
  `id` bigint(20) NOT NULL AUTO_INCREMENT,
  `nombre` varchar(20) DEFAULT NULL,
  PRIMARY KEY (`id`),
  UNIQUE KEY `UK_arkcgm4xade7vm36d67xy8xej` (`nombre`)
) ENGINE=MyISAM AUTO_INCREMENT=4 DEFAULT CHARSET=latin1;
/*!40101 SET character_set_client = @saved_cs_client */;

--
-- Dumping data for table `seg_rol`
--

LOCK TABLES `seg_rol` WRITE;
/*!40000 ALTER TABLE `seg_rol` DISABLE KEYS */;
INSERT INTO `seg_rol` VALUES (1,'ROLE_ADMIN'),(2,'ROLE_COMPRADOR'),(3,'ROLE_VENDEDOR');
/*!40000 ALTER TABLE `seg_rol` ENABLE KEYS */;
UNLOCK TABLES;

--
-- Table structure for table `seg_usuario`
--

DROP TABLE IF EXISTS `seg_usuario`;
/*!40101 SET @saved_cs_client     = @@character_set_client */;
/*!50503 SET character_set_client = utf8mb4 */;
CREATE TABLE `seg_usuario` (
  `id` bigint(20) NOT NULL AUTO_INCREMENT,
  `apellido` varchar(255) DEFAULT NULL,
  `email` varchar(255) DEFAULT NULL,
  `enabled` bit(1) DEFAULT NULL,
  `nombre` varchar(255) DEFAULT NULL,
  `password` varchar(100) DEFAULT NULL,
  `username` varchar(20) DEFAULT NULL,
  PRIMARY KEY (`id`),
  UNIQUE KEY `UK_tlx6k8r8b516a23yaef54e9lm` (`email`),
  UNIQUE KEY `UK_odj60lunc7wlyo1t5rnqxnb9l` (`username`)
) ENGINE=MyISAM AUTO_INCREMENT=3 DEFAULT CHARSET=latin1;
/*!40101 SET character_set_client = @saved_cs_client */;

--
-- Dumping data for table `seg_usuario`
--

LOCK TABLES `seg_usuario` WRITE;
/*!40000 ALTER TABLE `seg_usuario` DISABLE KEYS */;
INSERT INTO `seg_usuario` VALUES (1,'RIVERA','JRIVERA@GMAIL.COM',_binary '','JULIO','$2a$10$CYW8sTnRy6foRBX9ty2r.u8lkJOnaeZVPApBw5En.6Oj6WKHTkc1u','jrivera'),(2,NULL,'',_binary '',NULL,'$2a$10$CYW8sTnRy6foRBX9ty2r.u8lkJOnaeZVPApBw5En.6Oj6WKHTkc1u','ABEL_MAYHUA');
/*!40000 ALTER TABLE `seg_usuario` ENABLE KEYS */;
UNLOCK TABLES;

--
-- Table structure for table `seg_usuario_seg_rol`
--

DROP TABLE IF EXISTS `seg_usuario_seg_rol`;
/*!40101 SET @saved_cs_client     = @@character_set_client */;
/*!50503 SET character_set_client = utf8mb4 */;
CREATE TABLE `seg_usuario_seg_rol` (
  `seg_usuario_id` bigint(20) NOT NULL,
  `seg_rol_id` bigint(20) NOT NULL,
  UNIQUE KEY `UKe7s4pthbijdhaseyil1xj0k2u` (`seg_usuario_id`,`seg_rol_id`),
  KEY `FKpv1rh60mtaijqxafi2w9g8nbh` (`seg_rol_id`)
) ENGINE=MyISAM DEFAULT CHARSET=latin1;
/*!40101 SET character_set_client = @saved_cs_client */;

--
-- Dumping data for table `seg_usuario_seg_rol`
--

LOCK TABLES `seg_usuario_seg_rol` WRITE;
/*!40000 ALTER TABLE `seg_usuario_seg_rol` DISABLE KEYS */;
INSERT INTO `seg_usuario_seg_rol` VALUES (1,1),(2,1);
/*!40000 ALTER TABLE `seg_usuario_seg_rol` ENABLE KEYS */;
UNLOCK TABLES;

--
-- Table structure for table `stc_cambio_categoria`
--

DROP TABLE IF EXISTS `stc_cambio_categoria`;
/*!40101 SET @saved_cs_client     = @@character_set_client */;
/*!50503 SET character_set_client = utf8mb4 */;
CREATE TABLE `stc_cambio_categoria` (
  `id` bigint(20) NOT NULL AUTO_INCREMENT,
  `cantidad` double DEFAULT NULL,
  `fecha_crea` datetime DEFAULT NULL,
  `fecha_modifica` datetime DEFAULT NULL,
  `id_usuario_crea` int(11) DEFAULT NULL,
  `id_usuario_modifica` int(11) DEFAULT NULL,
  `ind_descarte` int(11) DEFAULT NULL,
  `estado_id` bigint(20) DEFAULT NULL,
  `estado_cod_tabla_auxiliar` varchar(6) DEFAULT NULL,
  `producto_fin_id` bigint(20) DEFAULT NULL,
  `producto_inicio_id` bigint(20) DEFAULT NULL,
  PRIMARY KEY (`id`),
  KEY `FKhjv11xfn1bglefo8knilv55hn` (`estado_id`,`estado_cod_tabla_auxiliar`),
  KEY `FK9giya70vyhuo4egc695t7rdjp` (`producto_fin_id`),
  KEY `FK5lqqt5q3mqhu4vpaq7096cgus` (`producto_inicio_id`)
) ENGINE=MyISAM DEFAULT CHARSET=latin1;
/*!40101 SET character_set_client = @saved_cs_client */;

--
-- Dumping data for table `stc_cambio_categoria`
--

LOCK TABLES `stc_cambio_categoria` WRITE;
/*!40000 ALTER TABLE `stc_cambio_categoria` DISABLE KEYS */;
/*!40000 ALTER TABLE `stc_cambio_categoria` ENABLE KEYS */;
UNLOCK TABLES;

--
-- Table structure for table `stc_producto`
--

DROP TABLE IF EXISTS `stc_producto`;
/*!40101 SET @saved_cs_client     = @@character_set_client */;
/*!50503 SET character_set_client = utf8mb4 */;
CREATE TABLE `stc_producto` (
  `id` bigint(20) NOT NULL AUTO_INCREMENT,
  `fecha_crea` datetime DEFAULT NULL,
  `fecha_modifica` datetime DEFAULT NULL,
  `fecha_ultima_compra` datetime DEFAULT NULL,
  `fecha_ultima_venta` datetime DEFAULT NULL,
  `id_usuario_crea` int(11) DEFAULT NULL,
  `id_usuario_modifica` int(11) DEFAULT NULL,
  `stock` double DEFAULT NULL,
  `categoria_id` bigint(20) DEFAULT NULL,
  `categoria_cod_tabla_auxiliar` varchar(6) DEFAULT NULL,
  `estado_id` bigint(20) DEFAULT NULL,
  `estado_cod_tabla_auxiliar` varchar(6) DEFAULT NULL,
  `fruta_variedad_id` bigint(20) DEFAULT NULL,
  PRIMARY KEY (`id`),
  UNIQUE KEY `UKf17e5q2rjx1q28wevuky9q6gx` (`fruta_variedad_id`,`categoria_id`,`categoria_cod_tabla_auxiliar`),
  KEY `FKhhjytvckpll687lmf3r0qdpab` (`categoria_id`,`categoria_cod_tabla_auxiliar`),
  KEY `FKo7uef9eubxw008awpki7vyk5k` (`estado_id`,`estado_cod_tabla_auxiliar`)
) ENGINE=MyISAM AUTO_INCREMENT=85 DEFAULT CHARSET=latin1;
/*!40101 SET character_set_client = @saved_cs_client */;

--
-- Dumping data for table `stc_producto`
--

LOCK TABLES `stc_producto` WRITE;
/*!40000 ALTER TABLE `stc_producto` DISABLE KEYS */;
INSERT INTO `stc_producto` VALUES (1,'2020-10-09 16:43:46',NULL,NULL,NULL,1,NULL,0,0,'CATFRU',1,'ESTGRL',1),(2,'2020-10-09 16:43:46',NULL,NULL,NULL,1,NULL,0,1,'CATFRU',1,'ESTGRL',1),(3,'2020-10-09 16:43:46',NULL,NULL,NULL,1,NULL,0,2,'CATFRU',1,'ESTGRL',1),(4,'2020-10-09 16:43:46',NULL,NULL,NULL,1,NULL,0,3,'CATFRU',1,'ESTGRL',1),(5,'2020-10-09 16:43:46',NULL,NULL,NULL,1,NULL,0,0,'CATFRU',1,'ESTGRL',2),(6,'2020-10-09 16:43:46',NULL,NULL,NULL,1,NULL,0,1,'CATFRU',1,'ESTGRL',2),(7,'2020-10-09 16:43:46',NULL,NULL,NULL,1,NULL,0,2,'CATFRU',1,'ESTGRL',2),(8,'2020-10-09 16:43:46',NULL,NULL,NULL,1,NULL,0,3,'CATFRU',1,'ESTGRL',2),(9,'2020-10-09 16:43:46',NULL,NULL,NULL,1,NULL,0,0,'CATFRU',1,'ESTGRL',3),(10,'2020-10-09 16:43:46',NULL,NULL,NULL,1,NULL,0,1,'CATFRU',1,'ESTGRL',3),(11,'2020-10-09 16:43:46',NULL,NULL,NULL,1,NULL,0,2,'CATFRU',1,'ESTGRL',3),(12,'2020-10-09 16:43:46',NULL,NULL,NULL,1,NULL,0,3,'CATFRU',1,'ESTGRL',3),(13,'2020-10-09 16:43:46',NULL,NULL,NULL,1,NULL,0,0,'CATFRU',1,'ESTGRL',4),(14,'2020-10-09 16:43:46',NULL,NULL,NULL,1,NULL,0,1,'CATFRU',1,'ESTGRL',4),(15,'2020-10-09 16:43:46',NULL,NULL,NULL,1,NULL,0,2,'CATFRU',1,'ESTGRL',4),(16,'2020-10-09 16:43:46',NULL,NULL,NULL,1,NULL,0,3,'CATFRU',1,'ESTGRL',4),(17,'2020-10-09 16:43:46',NULL,NULL,NULL,1,NULL,0,0,'CATFRU',1,'ESTGRL',5),(18,'2020-10-09 16:43:46',NULL,NULL,NULL,1,NULL,0,1,'CATFRU',1,'ESTGRL',5),(19,'2020-10-09 16:43:46',NULL,NULL,NULL,1,NULL,0,2,'CATFRU',1,'ESTGRL',5),(20,'2020-10-09 16:43:46',NULL,NULL,NULL,1,NULL,0,3,'CATFRU',1,'ESTGRL',5),(21,'2020-10-09 16:43:46',NULL,NULL,NULL,1,NULL,0,0,'CATFRU',1,'ESTGRL',6),(22,'2020-10-09 16:43:46',NULL,NULL,NULL,1,NULL,0,1,'CATFRU',1,'ESTGRL',6),(23,'2020-10-09 16:43:46',NULL,NULL,NULL,1,NULL,0,2,'CATFRU',1,'ESTGRL',6),(24,'2020-10-09 16:43:46',NULL,NULL,NULL,1,NULL,0,3,'CATFRU',1,'ESTGRL',6),(25,'2020-10-09 16:43:46',NULL,NULL,NULL,1,NULL,0,0,'CATFRU',1,'ESTGRL',7),(26,'2020-10-09 16:43:46',NULL,NULL,NULL,1,NULL,0,1,'CATFRU',1,'ESTGRL',7),(27,'2020-10-09 16:43:46',NULL,NULL,NULL,1,NULL,0,2,'CATFRU',1,'ESTGRL',7),(28,'2020-10-09 16:43:46',NULL,NULL,NULL,1,NULL,0,3,'CATFRU',1,'ESTGRL',7),(29,'2020-10-09 16:43:46',NULL,NULL,NULL,1,NULL,0,0,'CATFRU',1,'ESTGRL',8),(30,'2020-10-09 16:43:46',NULL,NULL,NULL,1,NULL,0,1,'CATFRU',1,'ESTGRL',8),(31,'2020-10-09 16:43:46',NULL,NULL,NULL,1,NULL,0,2,'CATFRU',1,'ESTGRL',8),(32,'2020-10-09 16:43:46',NULL,NULL,NULL,1,NULL,0,3,'CATFRU',1,'ESTGRL',8),(33,'2020-10-09 16:43:46',NULL,NULL,NULL,1,NULL,0,0,'CATFRU',1,'ESTGRL',9),(34,'2020-10-09 16:43:46',NULL,NULL,NULL,1,NULL,0,1,'CATFRU',1,'ESTGRL',9),(35,'2020-10-09 16:43:46',NULL,NULL,NULL,1,NULL,0,2,'CATFRU',1,'ESTGRL',9),(36,'2020-10-09 16:43:46',NULL,NULL,NULL,1,NULL,0,3,'CATFRU',1,'ESTGRL',9),(37,'2020-10-09 16:43:46',NULL,NULL,NULL,1,NULL,0,0,'CATFRU',1,'ESTGRL',10),(38,'2020-10-09 16:43:46',NULL,NULL,NULL,1,NULL,0,1,'CATFRU',1,'ESTGRL',10),(39,'2020-10-09 16:43:46',NULL,NULL,NULL,1,NULL,0,2,'CATFRU',1,'ESTGRL',10),(40,'2020-10-09 16:43:46',NULL,NULL,NULL,1,NULL,0,3,'CATFRU',1,'ESTGRL',10),(41,'2020-10-09 16:43:46',NULL,NULL,NULL,1,NULL,0,0,'CATFRU',1,'ESTGRL',11),(42,'2020-10-09 16:43:46',NULL,NULL,NULL,1,NULL,0,1,'CATFRU',1,'ESTGRL',11),(43,'2020-10-09 16:43:46',NULL,NULL,NULL,1,NULL,0,2,'CATFRU',1,'ESTGRL',11),(44,'2020-10-09 16:43:46',NULL,NULL,NULL,1,NULL,0,3,'CATFRU',1,'ESTGRL',11),(45,'2020-10-09 16:43:46',NULL,NULL,NULL,1,NULL,0,0,'CATFRU',1,'ESTGRL',12),(46,'2020-10-09 16:43:46',NULL,NULL,NULL,1,NULL,0,1,'CATFRU',1,'ESTGRL',12),(47,'2020-10-09 16:43:46',NULL,NULL,NULL,1,NULL,0,2,'CATFRU',1,'ESTGRL',12),(48,'2020-10-09 16:43:46',NULL,NULL,NULL,1,NULL,0,3,'CATFRU',1,'ESTGRL',12),(49,'2020-10-09 16:43:46',NULL,NULL,NULL,1,NULL,0,0,'CATFRU',1,'ESTGRL',13),(50,'2020-10-09 16:43:46',NULL,NULL,NULL,1,NULL,0,1,'CATFRU',1,'ESTGRL',13),(51,'2020-10-09 16:43:46',NULL,NULL,NULL,1,NULL,0,2,'CATFRU',1,'ESTGRL',13),(52,'2020-10-09 16:43:46',NULL,NULL,NULL,1,NULL,0,3,'CATFRU',1,'ESTGRL',13),(53,'2020-10-09 16:43:46',NULL,NULL,NULL,1,NULL,0,0,'CATFRU',1,'ESTGRL',14),(54,'2020-10-09 16:43:46',NULL,NULL,NULL,1,NULL,0,1,'CATFRU',1,'ESTGRL',14),(55,'2020-10-09 16:43:46',NULL,NULL,NULL,1,NULL,0,2,'CATFRU',1,'ESTGRL',14),(56,'2020-10-09 16:43:46',NULL,NULL,NULL,1,NULL,0,3,'CATFRU',1,'ESTGRL',14),(57,'2020-10-09 16:43:46',NULL,NULL,NULL,1,NULL,0,0,'CATFRU',1,'ESTGRL',15),(58,'2020-10-09 16:43:46',NULL,NULL,NULL,1,NULL,0,1,'CATFRU',1,'ESTGRL',15),(59,'2020-10-09 16:43:46',NULL,NULL,NULL,1,NULL,0,2,'CATFRU',1,'ESTGRL',15),(60,'2020-10-09 16:43:46',NULL,NULL,NULL,1,NULL,0,3,'CATFRU',1,'ESTGRL',15),(61,'2020-10-09 16:43:46',NULL,NULL,NULL,1,NULL,0,0,'CATFRU',1,'ESTGRL',16),(62,'2020-10-09 16:43:46',NULL,NULL,NULL,1,NULL,0,1,'CATFRU',1,'ESTGRL',16),(63,'2020-10-09 16:43:46',NULL,NULL,NULL,1,NULL,0,2,'CATFRU',1,'ESTGRL',16),(64,'2020-10-09 16:43:46',NULL,NULL,NULL,1,NULL,0,3,'CATFRU',1,'ESTGRL',16),(65,'2020-10-09 16:43:46',NULL,NULL,NULL,1,NULL,0,0,'CATFRU',1,'ESTGRL',17),(66,'2020-10-09 16:43:46',NULL,NULL,NULL,1,NULL,0,1,'CATFRU',1,'ESTGRL',17),(67,'2020-10-09 16:43:46',NULL,NULL,NULL,1,NULL,0,2,'CATFRU',1,'ESTGRL',17),(68,'2020-10-09 16:43:46',NULL,NULL,NULL,1,NULL,0,3,'CATFRU',1,'ESTGRL',17),(69,'2020-10-09 16:43:46',NULL,NULL,NULL,1,NULL,0,0,'CATFRU',1,'ESTGRL',18),(70,'2020-10-09 16:43:46',NULL,NULL,NULL,1,NULL,0,1,'CATFRU',1,'ESTGRL',18),(71,'2020-10-09 16:43:46',NULL,NULL,NULL,1,NULL,0,2,'CATFRU',1,'ESTGRL',18),(72,'2020-10-09 16:43:46',NULL,NULL,NULL,1,NULL,0,3,'CATFRU',1,'ESTGRL',18),(73,'2020-10-09 16:43:46',NULL,NULL,NULL,1,NULL,0,0,'CATFRU',1,'ESTGRL',19),(74,'2020-10-09 16:43:46',NULL,NULL,NULL,1,NULL,0,1,'CATFRU',1,'ESTGRL',19),(75,'2020-10-09 16:43:46',NULL,NULL,NULL,1,NULL,0,2,'CATFRU',1,'ESTGRL',19),(76,'2020-10-09 16:43:46',NULL,NULL,NULL,1,NULL,0,3,'CATFRU',1,'ESTGRL',19),(77,'2020-10-09 16:43:46',NULL,NULL,NULL,1,NULL,0,0,'CATFRU',1,'ESTGRL',20),(78,'2020-10-09 16:43:46',NULL,NULL,NULL,1,NULL,0,1,'CATFRU',1,'ESTGRL',20),(79,'2020-10-09 16:43:46',NULL,NULL,NULL,1,NULL,0,2,'CATFRU',1,'ESTGRL',20),(80,'2020-10-09 16:43:46',NULL,NULL,NULL,1,NULL,0,3,'CATFRU',1,'ESTGRL',20),(81,'2020-10-09 16:43:46',NULL,NULL,NULL,1,NULL,0,0,'CATFRU',1,'ESTGRL',21),(82,'2020-10-09 16:43:46',NULL,NULL,NULL,1,NULL,0,1,'CATFRU',1,'ESTGRL',21),(83,'2020-10-09 16:43:46',NULL,NULL,NULL,1,NULL,0,2,'CATFRU',1,'ESTGRL',21),(84,'2020-10-09 16:43:46',NULL,NULL,NULL,1,NULL,0,3,'CATFRU',1,'ESTGRL',21);
/*!40000 ALTER TABLE `stc_producto` ENABLE KEYS */;
UNLOCK TABLES;

--
-- Table structure for table `stc_producto_log`
--

DROP TABLE IF EXISTS `stc_producto_log`;
/*!40101 SET @saved_cs_client     = @@character_set_client */;
/*!50503 SET character_set_client = utf8mb4 */;
CREATE TABLE `stc_producto_log` (
  `id` bigint(20) NOT NULL AUTO_INCREMENT,
  `cantidad` double DEFAULT NULL,
  `fecha_crea` datetime DEFAULT NULL,
  `id_usuario_crea` int(11) DEFAULT NULL,
  `cambio_categoria_id` bigint(20) DEFAULT NULL,
  `orden_compra_id` bigint(20) DEFAULT NULL,
  `orden_venta_id` bigint(20) DEFAULT NULL,
  `producto_id` bigint(20) DEFAULT NULL,
  `tipo_operacion_id` bigint(20) DEFAULT NULL,
  `tipo_operacion_cod_tabla_auxiliar` varchar(6) DEFAULT NULL,
  PRIMARY KEY (`id`),
  KEY `FKftvmu2s6fw0l5k7msckjn82cw` (`cambio_categoria_id`),
  KEY `FK5pn0kiee7ky664a4eunpe4t9e` (`orden_compra_id`),
  KEY `FKoxb2ipm0mhqa9wulnm91fvq9s` (`orden_venta_id`),
  KEY `FKkpfd0depl0is7o3k27dlinm1` (`producto_id`),
  KEY `FKmaqm1fknbjtsb6a3dna0fg45b` (`tipo_operacion_id`,`tipo_operacion_cod_tabla_auxiliar`)
) ENGINE=MyISAM DEFAULT CHARSET=latin1;
/*!40101 SET character_set_client = @saved_cs_client */;

--
-- Dumping data for table `stc_producto_log`
--

LOCK TABLES `stc_producto_log` WRITE;
/*!40000 ALTER TABLE `stc_producto_log` DISABLE KEYS */;
/*!40000 ALTER TABLE `stc_producto_log` ENABLE KEYS */;
UNLOCK TABLES;

--
-- Dumping routines for database 'cpysd1_db_frutas'
--
/*!40103 SET TIME_ZONE=@OLD_TIME_ZONE */;

/*!40101 SET SQL_MODE=@OLD_SQL_MODE */;
/*!40014 SET FOREIGN_KEY_CHECKS=@OLD_FOREIGN_KEY_CHECKS */;
/*!40014 SET UNIQUE_CHECKS=@OLD_UNIQUE_CHECKS */;
/*!40101 SET CHARACTER_SET_CLIENT=@OLD_CHARACTER_SET_CLIENT */;
/*!40101 SET CHARACTER_SET_RESULTS=@OLD_CHARACTER_SET_RESULTS */;
/*!40101 SET COLLATION_CONNECTION=@OLD_COLLATION_CONNECTION */;
/*!40111 SET SQL_NOTES=@OLD_SQL_NOTES */;

-- Dump completed on 2021-03-03 11:31:37
